-- phpMyAdmin SQL Dump
-- version 5.2.0
-- https://www.phpmyadmin.net/
--
-- Host: localhost:3306
-- Generation Time: Feb 19, 2025 at 12:28 PM
-- Server version: 8.0.30
-- PHP Version: 8.2.27

SET SQL_MODE = "NO_AUTO_VALUE_ON_ZERO";
START TRANSACTION;
SET time_zone = "+00:00";


/*!40101 SET @OLD_CHARACTER_SET_CLIENT=@@CHARACTER_SET_CLIENT */;
/*!40101 SET @OLD_CHARACTER_SET_RESULTS=@@CHARACTER_SET_RESULTS */;
/*!40101 SET @OLD_COLLATION_CONNECTION=@@COLLATION_CONNECTION */;
/*!40101 SET NAMES utf8mb4 */;

--
-- Database: `ananmarthoian`
--

-- --------------------------------------------------------

--
-- Table structure for table `access_history`
--

CREATE TABLE `access_history` (
  `id` bigint UNSIGNED NOT NULL,
  `date` date NOT NULL,
  `visit_count` int DEFAULT NULL,
  `created_at` timestamp NULL DEFAULT NULL,
  `updated_at` timestamp NULL DEFAULT NULL
) ENGINE=InnoDB DEFAULT CHARSET=utf8mb4 COLLATE=utf8mb4_unicode_ci;

--
-- Dumping data for table `access_history`
--

INSERT INTO `access_history` (`id`, `date`, `visit_count`, `created_at`, `updated_at`) VALUES
(3, '2025-02-01', 38, '2025-02-01 10:13:12', '2025-02-01 12:14:21'),
(4, '2025-02-02', 38, '2025-02-02 00:30:54', '2025-02-02 00:52:31'),
(5, '2025-02-19', 30, '2025-02-19 04:11:35', '2025-02-19 11:40:16');

-- --------------------------------------------------------

--
-- Table structure for table `cache`
--

CREATE TABLE `cache` (
  `key` varchar(255) CHARACTER SET utf8mb4 COLLATE utf8mb4_unicode_ci NOT NULL,
  `value` mediumtext CHARACTER SET utf8mb4 COLLATE utf8mb4_unicode_ci NOT NULL,
  `expiration` int NOT NULL
) ENGINE=InnoDB DEFAULT CHARSET=utf8mb4 COLLATE=utf8mb4_unicode_ci;

--
-- Dumping data for table `cache`
--

INSERT INTO `cache` (`key`, `value`, `expiration`) VALUES
('356a192b7913b04c54574d18c28d46e6395428ab', 'i:1;', 1738030459),
('356a192b7913b04c54574d18c28d46e6395428ab:timer', 'i:1738030459;', 1738030459),
('da4b9237bacccdf19c0760cab7aec4a8359010b0', 'i:1;', 1739967345),
('da4b9237bacccdf19c0760cab7aec4a8359010b0:timer', 'i:1739967345;', 1739967345),
('livewire-rate-limiter:a17961fa74e9275d529f489537f179c05d50c2f3', 'i:2;', 1739965289),
('livewire-rate-limiter:a17961fa74e9275d529f489537f179c05d50c2f3:timer', 'i:1739965289;', 1739965289);

-- --------------------------------------------------------

--
-- Table structure for table `cache_locks`
--

CREATE TABLE `cache_locks` (
  `key` varchar(255) CHARACTER SET utf8mb4 COLLATE utf8mb4_unicode_ci NOT NULL,
  `owner` varchar(255) CHARACTER SET utf8mb4 COLLATE utf8mb4_unicode_ci NOT NULL,
  `expiration` int NOT NULL
) ENGINE=InnoDB DEFAULT CHARSET=utf8mb4 COLLATE=utf8mb4_unicode_ci;

-- --------------------------------------------------------

--
-- Table structure for table `categories`
--

CREATE TABLE `categories` (
  `id` bigint UNSIGNED NOT NULL,
  `name` varchar(255) CHARACTER SET utf8mb4 COLLATE utf8mb4_unicode_ci NOT NULL,
  `slug` varchar(255) CHARACTER SET utf8mb4 COLLATE utf8mb4_unicode_ci NOT NULL,
  `image_link` varchar(255) CHARACTER SET utf8mb4 COLLATE utf8mb4_unicode_ci DEFAULT NULL,
  `created_at` timestamp NULL DEFAULT NULL,
  `updated_at` timestamp NULL DEFAULT NULL,
  `classification_id` bigint UNSIGNED NOT NULL
) ENGINE=InnoDB DEFAULT CHARSET=utf8mb4 COLLATE=utf8mb4_unicode_ci;

--
-- Dumping data for table `categories`
--

INSERT INTO `categories` (`id`, `name`, `slug`, `image_link`, `created_at`, `updated_at`, `classification_id`) VALUES
(205, 'Red Wine', 'red-wine', NULL, '2025-02-19 11:52:59', '2025-02-19 11:52:59', 1),
(206, 'White Wine', 'white-wine', NULL, '2025-02-19 11:53:34', '2025-02-19 11:53:34', 1),
(207, 'Rose Wine', 'rose-wine', NULL, '2025-02-19 11:53:39', '2025-02-19 11:53:39', 1),
(208, 'Sparkling Wine', 'sparkling-wine', NULL, '2025-02-19 11:53:46', '2025-02-19 11:53:46', 1),
(209, 'Champagne', 'champagne', NULL, '2025-02-19 11:53:54', '2025-02-19 11:53:54', 1),
(210, 'Single Malt Whisky', 'single-malt-whisky', NULL, '2025-02-19 11:54:02', '2025-02-19 11:54:02', 2),
(211, 'Blended Whisky', 'blended-whisky', NULL, '2025-02-19 11:54:08', '2025-02-19 11:54:08', 2),
(212, 'Scotland Whisky', 'scotland-whisky', NULL, '2025-02-19 11:54:20', '2025-02-19 11:54:20', 2),
(213, 'Brandy', 'brandy', NULL, '2025-02-19 11:54:32', '2025-02-19 11:54:32', 2),
(214, 'Vodka', 'vodka', NULL, '2025-02-19 11:54:40', '2025-02-19 11:54:40', 3),
(215, 'Rum', 'rum', NULL, '2025-02-19 11:54:45', '2025-02-19 11:54:45', 3),
(216, 'Gin', 'gin', NULL, '2025-02-19 11:54:51', '2025-02-19 11:54:51', 3),
(217, 'Tequilla', 'tequilla', NULL, '2025-02-19 11:54:57', '2025-02-19 11:54:57', 3),
(218, 'Sake', 'sake', NULL, '2025-02-19 11:55:09', '2025-02-19 11:55:09', 3),
(219, 'Local Beer', 'local-beer', NULL, '2025-02-19 11:55:17', '2025-02-19 11:55:17', 4),
(220, 'Witbier Beer', 'witbier-beer', NULL, '2025-02-19 11:55:21', '2025-02-19 11:55:21', 4),
(221, 'Dark Beer', 'dark-beer', NULL, '2025-02-19 11:55:27', '2025-02-19 11:55:27', 4),
(222, 'Craft Beer', 'craft-beer', NULL, '2025-02-19 11:55:38', '2025-02-19 11:55:38', 4),
(223, 'Korean Soju', 'korean-soju', NULL, '2025-02-19 11:55:45', '2025-02-19 11:55:45', 4),
(224, 'Cigarrtette (Box)', 'cigarrtette-box', NULL, '2025-02-19 11:55:51', '2025-02-19 11:55:51', 5),
(225, 'Pesonal/Home use', 'pesonalhome-use', NULL, '2025-02-19 11:55:57', '2025-02-19 11:55:57', 5),
(226, 'Fresh Fruits/Vegetables', 'fresh-fruitsvegetables', NULL, '2025-02-19 11:56:05', '2025-02-19 11:56:05', 5),
(227, 'Dairy', 'dairy', NULL, '2025-02-19 11:56:13', '2025-02-19 11:56:13', 5),
(228, 'Meat/Fish', 'meatfish', NULL, '2025-02-19 11:56:19', '2025-02-19 11:56:19', 5),
(229, 'Ice Cream', 'ice-cream', NULL, '2025-02-19 11:56:28', '2025-02-19 11:56:28', 5);

-- --------------------------------------------------------

--
-- Table structure for table `classifications`
--

CREATE TABLE `classifications` (
  `id` bigint UNSIGNED NOT NULL,
  `name` varchar(255) COLLATE utf8mb4_unicode_ci NOT NULL,
  `created_at` timestamp NULL DEFAULT NULL,
  `updated_at` timestamp NULL DEFAULT NULL
) ENGINE=InnoDB DEFAULT CHARSET=utf8mb4 COLLATE=utf8mb4_unicode_ci;

--
-- Dumping data for table `classifications`
--

INSERT INTO `classifications` (`id`, `name`, `created_at`, `updated_at`) VALUES
(1, 'Wine', '2025-02-19 11:47:20', '2025-02-19 11:47:20'),
(2, 'Whiskey/Brandy', '2025-02-19 11:47:28', '2025-02-19 11:47:28'),
(3, 'Spirit', '2025-02-19 11:47:34', '2025-02-19 11:47:34'),
(4, 'Beers', '2025-02-19 11:47:39', '2025-02-19 11:47:39'),
(5, 'Others', '2025-02-19 11:47:46', '2025-02-19 11:47:46');

-- --------------------------------------------------------

--
-- Table structure for table `failed_jobs`
--

CREATE TABLE `failed_jobs` (
  `id` bigint UNSIGNED NOT NULL,
  `uuid` varchar(255) CHARACTER SET utf8mb4 COLLATE utf8mb4_unicode_ci NOT NULL,
  `connection` text CHARACTER SET utf8mb4 COLLATE utf8mb4_unicode_ci NOT NULL,
  `queue` text CHARACTER SET utf8mb4 COLLATE utf8mb4_unicode_ci NOT NULL,
  `payload` longtext CHARACTER SET utf8mb4 COLLATE utf8mb4_unicode_ci NOT NULL,
  `exception` longtext CHARACTER SET utf8mb4 COLLATE utf8mb4_unicode_ci NOT NULL,
  `failed_at` timestamp NOT NULL DEFAULT CURRENT_TIMESTAMP
) ENGINE=InnoDB DEFAULT CHARSET=utf8mb4 COLLATE=utf8mb4_unicode_ci;

-- --------------------------------------------------------

--
-- Table structure for table `jobs`
--

CREATE TABLE `jobs` (
  `id` bigint UNSIGNED NOT NULL,
  `queue` varchar(255) CHARACTER SET utf8mb4 COLLATE utf8mb4_unicode_ci NOT NULL,
  `payload` longtext CHARACTER SET utf8mb4 COLLATE utf8mb4_unicode_ci NOT NULL,
  `attempts` tinyint UNSIGNED NOT NULL,
  `reserved_at` int UNSIGNED DEFAULT NULL,
  `available_at` int UNSIGNED NOT NULL,
  `created_at` int UNSIGNED NOT NULL
) ENGINE=InnoDB DEFAULT CHARSET=utf8mb4 COLLATE=utf8mb4_unicode_ci;

-- --------------------------------------------------------

--
-- Table structure for table `job_batches`
--

CREATE TABLE `job_batches` (
  `id` varchar(255) CHARACTER SET utf8mb4 COLLATE utf8mb4_unicode_ci NOT NULL,
  `name` varchar(255) CHARACTER SET utf8mb4 COLLATE utf8mb4_unicode_ci NOT NULL,
  `total_jobs` int NOT NULL,
  `pending_jobs` int NOT NULL,
  `failed_jobs` int NOT NULL,
  `failed_job_ids` longtext CHARACTER SET utf8mb4 COLLATE utf8mb4_unicode_ci NOT NULL,
  `options` mediumtext CHARACTER SET utf8mb4 COLLATE utf8mb4_unicode_ci,
  `cancelled_at` int DEFAULT NULL,
  `created_at` int NOT NULL,
  `finished_at` int DEFAULT NULL
) ENGINE=InnoDB DEFAULT CHARSET=utf8mb4 COLLATE=utf8mb4_unicode_ci;

-- --------------------------------------------------------

--
-- Table structure for table `migrations`
--

CREATE TABLE `migrations` (
  `id` int UNSIGNED NOT NULL,
  `migration` varchar(255) CHARACTER SET utf8mb4 COLLATE utf8mb4_unicode_ci NOT NULL,
  `batch` int NOT NULL
) ENGINE=InnoDB DEFAULT CHARSET=utf8mb4 COLLATE=utf8mb4_unicode_ci;

--
-- Dumping data for table `migrations`
--

INSERT INTO `migrations` (`id`, `migration`, `batch`) VALUES
(1, '0001_01_01_000000_create_users_table', 1),
(2, '0001_01_01_000001_create_cache_table', 1),
(3, '0001_01_01_000002_create_jobs_table', 1),
(4, '2025_01_26_204642_create_categories_table', 2),
(5, '2025_01_26_214312_create_products_table', 3),
(6, '2025_01_28_075759_create_shopee_table', 4),
(7, '2025_02_02_073230_create_settings_table', 5),
(8, '2025_02_19_184426_create_classifications_table', 6),
(9, '2025_02_19_184914_add_classification_id_to_categories_table', 7);

-- --------------------------------------------------------

--
-- Table structure for table `password_reset_tokens`
--

CREATE TABLE `password_reset_tokens` (
  `email` varchar(255) CHARACTER SET utf8mb4 COLLATE utf8mb4_unicode_ci NOT NULL,
  `token` varchar(255) CHARACTER SET utf8mb4 COLLATE utf8mb4_unicode_ci NOT NULL,
  `created_at` timestamp NULL DEFAULT NULL
) ENGINE=InnoDB DEFAULT CHARSET=utf8mb4 COLLATE=utf8mb4_unicode_ci;

-- --------------------------------------------------------

--
-- Table structure for table `products`
--

CREATE TABLE `products` (
  `id` bigint UNSIGNED NOT NULL,
  `name` varchar(255) CHARACTER SET utf8mb4 COLLATE utf8mb4_unicode_ci NOT NULL,
  `slug` varchar(255) CHARACTER SET utf8mb4 COLLATE utf8mb4_unicode_ci NOT NULL,
  `price` decimal(10,2) NOT NULL,
  `image` varchar(255) CHARACTER SET utf8mb4 COLLATE utf8mb4_unicode_ci DEFAULT NULL,
  `category_id` bigint UNSIGNED NOT NULL,
  `created_at` timestamp NULL DEFAULT NULL,
  `updated_at` timestamp NULL DEFAULT NULL,
  `sold` int DEFAULT NULL,
  `is_stock` int DEFAULT '1'
) ENGINE=InnoDB DEFAULT CHARSET=utf8mb4 COLLATE=utf8mb4_unicode_ci;

--
-- Dumping data for table `products`
--

INSERT INTO `products` (`id`, `name`, `slug`, `price`, `image`, `category_id`, `created_at`, `updated_at`, `sold`, `is_stock`) VALUES
(1, 'Paolo Scavino, Dolcetto d\'Alba DOC', 'paolo-scavino-dolcetto-dalba-doc', '1000000.00', '01JMF24FBRTVE0WQN4JBTV6PN1.png', 211, '2025-02-19 12:15:15', '2025-02-19 12:15:15', 1, 1),
(2, 'Vida Rohan', 'voluptatibus-neque-dolorum-voluptas-enim-molestiae-qui', '397.03', '01JMF24FBRTVE0WQN4JBTV6PN1.png', 205, '2025-02-19 12:25:51', '2025-02-19 12:25:51', 89, 1),
(3, 'Dr. Kendrick McClure IV', 'expedita-aut-id-a', '619.07', '01JMF24FBRTVE0WQN4JBTV6PN1.png', 205, '2025-02-19 12:25:51', '2025-02-19 12:25:51', 74, 1),
(4, 'Mr. Jared Bernhard', 'consequuntur-nostrum-quibusdam-et-amet-est-rerum', '179.91', '01JMF24FBRTVE0WQN4JBTV6PN1.png', 205, '2025-02-19 12:25:51', '2025-02-19 12:25:51', 25, 1),
(5, 'Marcelle Beier', 'sed-quos-sit-error-eius-excepturi', '67.59', '01JMF24FBRTVE0WQN4JBTV6PN1.png', 205, '2025-02-19 12:25:51', '2025-02-19 12:25:51', 66, 1),
(6, 'Haskell Wilderman', 'qui-dolores-dolore-sint-non-ut', '343.26', '01JMF24FBRTVE0WQN4JBTV6PN1.png', 205, '2025-02-19 12:25:51', '2025-02-19 12:25:51', 23, 1),
(7, 'Lottie Goodwin', 'aliquam-ut-ipsam-dolorem-minus-qui', '868.50', '01JMF24FBRTVE0WQN4JBTV6PN1.png', 205, '2025-02-19 12:25:51', '2025-02-19 12:25:51', 66, 1),
(8, 'Kameron Kassulke', 'magni-id-iste-cumque-et-voluptatem', '68.17', '01JMF24FBRTVE0WQN4JBTV6PN1.png', 205, '2025-02-19 12:25:51', '2025-02-19 12:25:51', 90, 1),
(9, 'Bernardo Walker', 'odit-ad-vero-necessitatibus-qui', '461.03', '01JMF24FBRTVE0WQN4JBTV6PN1.png', 205, '2025-02-19 12:25:51', '2025-02-19 12:25:51', 38, 1),
(10, 'Shaun Rosenbaum IV', 'sit-maiores-et-aut-et-omnis-delectus-voluptatem', '475.44', '01JMF24FBRTVE0WQN4JBTV6PN1.png', 205, '2025-02-19 12:25:51', '2025-02-19 12:25:51', 66, 1),
(11, 'Rowland Murazik I', 'fugiat-sed-error-molestiae-sunt-fugiat', '479.76', '01JMF24FBRTVE0WQN4JBTV6PN1.png', 205, '2025-02-19 12:25:51', '2025-02-19 12:25:51', 22, 1),
(12, 'Emmanuelle Keebler', 'quis-qui-necessitatibus-aut-commodi-fugiat-nihil-ut', '367.73', '01JMF24FBRTVE0WQN4JBTV6PN1.png', 205, '2025-02-19 12:25:51', '2025-02-19 12:25:51', 30, 1),
(13, 'Angie Abbott', 'ut-ipsa-at-voluptatibus-soluta', '707.27', '01JMF24FBRTVE0WQN4JBTV6PN1.png', 205, '2025-02-19 12:25:51', '2025-02-19 12:25:51', 93, 1),
(14, 'Estefania Moen', 'provident-eum-impedit-nesciunt-consequatur-quia-voluptatum-et-dolorum', '418.36', '01JMF24FBRTVE0WQN4JBTV6PN1.png', 205, '2025-02-19 12:25:51', '2025-02-19 12:25:51', 7, 1),
(15, 'Ms. Dannie Mante', 'dolor-voluptas-velit-consequatur-ut-voluptates-aut', '79.01', '01JMF24FBRTVE0WQN4JBTV6PN1.png', 205, '2025-02-19 12:25:51', '2025-02-19 12:25:51', 81, 1),
(16, 'Cierra Kreiger MD', 'eveniet-dolore-ut-quas-eligendi-eos-optio-ea', '98.92', '01JMF24FBRTVE0WQN4JBTV6PN1.png', 205, '2025-02-19 12:25:51', '2025-02-19 12:25:51', 18, 1),
(17, 'Maia Gerhold', 'iste-asperiores-nihil-similique', '864.82', '01JMF24FBRTVE0WQN4JBTV6PN1.png', 205, '2025-02-19 12:25:51', '2025-02-19 12:25:51', 22, 1),
(18, 'Maybell Rice', 'necessitatibus-deleniti-perspiciatis-nemo-non-repellendus', '503.35', '01JMF24FBRTVE0WQN4JBTV6PN1.png', 205, '2025-02-19 12:25:51', '2025-02-19 12:25:51', 68, 1),
(19, 'Prof. Cesar Ledner', 'molestias-est-vitae-reprehenderit-itaque-dolores', '664.36', '01JMF24FBRTVE0WQN4JBTV6PN1.png', 205, '2025-02-19 12:25:51', '2025-02-19 12:25:51', 97, 1),
(20, 'Reta Brown', 'nulla-nulla-qui-rem-accusamus-voluptas', '88.35', '01JMF24FBRTVE0WQN4JBTV6PN1.png', 205, '2025-02-19 12:25:51', '2025-02-19 12:25:51', 11, 1),
(21, 'Fred Swift', 'sed-maiores-quasi-deleniti-non-ut-ut', '834.04', '01JMF24FBRTVE0WQN4JBTV6PN1.png', 205, '2025-02-19 12:25:51', '2025-02-19 12:25:51', 91, 1),
(22, 'Glennie Mraz', 'quia-non-nihil-sit-aspernatur-tempora-et-voluptatem', '384.37', '01JMF24FBRTVE0WQN4JBTV6PN1.png', 205, '2025-02-19 12:25:51', '2025-02-19 12:25:51', 13, 1),
(23, 'Mr. Kale Johns Sr.', 'est-nihil-hic-culpa-vitae-atque', '439.77', '01JMF24FBRTVE0WQN4JBTV6PN1.png', 205, '2025-02-19 12:25:51', '2025-02-19 12:25:51', 38, 1),
(24, 'Mr. Adam Murray', 'nisi-aut-amet-in-nisi-necessitatibus', '376.72', '01JMF24FBRTVE0WQN4JBTV6PN1.png', 205, '2025-02-19 12:25:51', '2025-02-19 12:25:51', 77, 1),
(25, 'Anita Moore I', 'et-qui-id-neque-deserunt-labore-sint-rem', '703.41', '01JMF24FBRTVE0WQN4JBTV6PN1.png', 205, '2025-02-19 12:25:51', '2025-02-19 12:25:51', 76, 1),
(26, 'Aubrey Prosacco', 'quo-vero-dolor-tempore-doloribus-et-sit-quo', '23.43', '01JMF24FBRTVE0WQN4JBTV6PN1.png', 205, '2025-02-19 12:25:51', '2025-02-19 12:25:51', 7, 1),
(27, 'Jamar Funk Sr.', 'tenetur-est-esse-sit-numquam-doloremque', '69.07', '01JMF24FBRTVE0WQN4JBTV6PN1.png', 206, '2025-02-19 12:25:51', '2025-02-19 12:25:51', 28, 1),
(28, 'Mrs. Lillie Marquardt', 'tempora-voluptas-doloribus-vero-quisquam-et-aspernatur', '361.38', '01JMF24FBRTVE0WQN4JBTV6PN1.png', 206, '2025-02-19 12:25:51', '2025-02-19 12:25:51', 82, 1),
(29, 'Miss Luna Abshire', 'sint-omnis-pariatur-rem-iusto-nihil-cupiditate-voluptate', '12.24', '01JMF24FBRTVE0WQN4JBTV6PN1.png', 206, '2025-02-19 12:25:51', '2025-02-19 12:25:51', 66, 1),
(30, 'Carmelo Gutmann III', 'voluptatem-velit-consequuntur-sequi-velit-alias-labore-rem', '212.02', '01JMF24FBRTVE0WQN4JBTV6PN1.png', 206, '2025-02-19 12:25:51', '2025-02-19 12:25:51', 51, 1),
(31, 'Harley Witting', 'quis-distinctio-ipsam-in-odio-ullam-nesciunt-quibusdam', '656.90', '01JMF24FBRTVE0WQN4JBTV6PN1.png', 206, '2025-02-19 12:25:51', '2025-02-19 12:25:51', 76, 1),
(32, 'Kurtis White', 'culpa-debitis-quos-ut-voluptas-ipsum', '415.74', '01JMF24FBRTVE0WQN4JBTV6PN1.png', 206, '2025-02-19 12:25:51', '2025-02-19 12:25:51', 50, 1),
(33, 'Mr. Hunter Lynch', 'veritatis-at-qui-vitae', '600.16', '01JMF24FBRTVE0WQN4JBTV6PN1.png', 206, '2025-02-19 12:25:51', '2025-02-19 12:25:51', 48, 1),
(34, 'Holden Considine', 'fugiat-nobis-ipsa-vero-vitae-vitae', '789.27', '01JMF24FBRTVE0WQN4JBTV6PN1.png', 206, '2025-02-19 12:25:51', '2025-02-19 12:25:51', 25, 1),
(35, 'Granville Rau DVM', 'odio-rerum-voluptates-libero-et-non', '318.44', '01JMF24FBRTVE0WQN4JBTV6PN1.png', 206, '2025-02-19 12:25:51', '2025-02-19 12:25:51', 92, 1),
(36, 'Dr. Everardo Turner IV', 'alias-perspiciatis-esse-molestias-voluptas-ut-ratione', '686.72', '01JMF24FBRTVE0WQN4JBTV6PN1.png', 206, '2025-02-19 12:25:51', '2025-02-19 12:25:51', 33, 1),
(37, 'Miss Aliyah Hoeger V', 'sit-cupiditate-quam-asperiores-suscipit-et-deleniti-id', '335.18', '01JMF24FBRTVE0WQN4JBTV6PN1.png', 206, '2025-02-19 12:25:51', '2025-02-19 12:25:51', 37, 1),
(38, 'Neha Gleichner', 'quisquam-nemo-laudantium-aut-ea', '544.49', '01JMF24FBRTVE0WQN4JBTV6PN1.png', 206, '2025-02-19 12:25:51', '2025-02-19 12:25:51', 98, 1),
(39, 'Mattie McLaughlin', 'tenetur-repellendus-nesciunt-fuga-rerum-magnam-itaque-dolorem', '661.23', '01JMF24FBRTVE0WQN4JBTV6PN1.png', 206, '2025-02-19 12:25:51', '2025-02-19 12:25:51', 43, 1),
(40, 'Elise Windler Jr.', 'reprehenderit-quo-autem-voluptatem-alias-vero', '367.64', '01JMF24FBRTVE0WQN4JBTV6PN1.png', 206, '2025-02-19 12:25:51', '2025-02-19 12:25:51', 63, 1),
(41, 'Dr. Newell Jaskolski MD', 'animi-eaque-assumenda-nihil-rerum-vitae-neque-libero', '568.66', '01JMF24FBRTVE0WQN4JBTV6PN1.png', 206, '2025-02-19 12:25:51', '2025-02-19 12:25:51', 36, 1),
(42, 'Jillian Larkin', 'sint-dolores-ullam-deleniti', '510.46', '01JMF24FBRTVE0WQN4JBTV6PN1.png', 206, '2025-02-19 12:25:51', '2025-02-19 12:25:51', 37, 1),
(43, 'Prof. Eldridge Price DDS', 'maiores-et-temporibus-rerum-vero-sequi-beatae-et', '762.50', '01JMF24FBRTVE0WQN4JBTV6PN1.png', 206, '2025-02-19 12:25:51', '2025-02-19 12:25:51', 16, 1),
(44, 'Prof. Ryleigh Runolfsdottir Jr.', 'modi-vitae-alias-est-dolorum-quam', '771.93', '01JMF24FBRTVE0WQN4JBTV6PN1.png', 206, '2025-02-19 12:25:51', '2025-02-19 12:25:51', 41, 1),
(45, 'Prof. Uriel Dooley DDS', 'quia-sed-molestiae-nihil-quibusdam-non', '423.78', '01JMF24FBRTVE0WQN4JBTV6PN1.png', 206, '2025-02-19 12:25:51', '2025-02-19 12:25:51', 31, 1),
(46, 'Dr. Karolann Hartmann DDS', 'recusandae-sapiente-qui-voluptas-dolores-nobis', '975.55', '01JMF24FBRTVE0WQN4JBTV6PN1.png', 206, '2025-02-19 12:25:51', '2025-02-19 12:25:51', 75, 1),
(47, 'Ms. Bridie Schultz', 'eum-eius-perferendis-aspernatur-perspiciatis-iusto', '415.20', '01JMF24FBRTVE0WQN4JBTV6PN1.png', 206, '2025-02-19 12:25:51', '2025-02-19 12:25:51', 52, 1),
(48, 'Isabella Cummings', 'aut-quidem-magni-porro-et', '48.30', '01JMF24FBRTVE0WQN4JBTV6PN1.png', 206, '2025-02-19 12:25:51', '2025-02-19 12:25:51', 72, 1),
(49, 'Mr. Martin Gaylord', 'optio-voluptatum-nihil-explicabo-nihil-odit', '309.78', '01JMF24FBRTVE0WQN4JBTV6PN1.png', 206, '2025-02-19 12:25:51', '2025-02-19 12:25:51', 33, 1),
(50, 'Adan Aufderhar PhD', 'dolorum-et-similique-hic-eos', '898.87', '01JMF24FBRTVE0WQN4JBTV6PN1.png', 206, '2025-02-19 12:25:51', '2025-02-19 12:25:51', 5, 1),
(51, 'Pietro Pouros', 'laboriosam-sequi-cum-eum-temporibus-esse', '844.90', '01JMF24FBRTVE0WQN4JBTV6PN1.png', 206, '2025-02-19 12:25:51', '2025-02-19 12:25:51', 94, 1),
(52, 'Brooks Goldner II', 'saepe-aut-quibusdam-fuga-voluptatibus-doloribus-perspiciatis', '739.31', '01JMF24FBRTVE0WQN4JBTV6PN1.png', 207, '2025-02-19 12:25:51', '2025-02-19 12:25:51', 63, 1),
(53, 'Ms. Alexandra Kilback', 'blanditiis-odio-exercitationem-fugiat-praesentium', '370.36', '01JMF24FBRTVE0WQN4JBTV6PN1.png', 207, '2025-02-19 12:25:51', '2025-02-19 12:25:51', 46, 1),
(54, 'Anabelle Pouros', 'magni-optio-vero-porro-fugit', '185.74', '01JMF24FBRTVE0WQN4JBTV6PN1.png', 207, '2025-02-19 12:25:51', '2025-02-19 12:25:51', 27, 1),
(55, 'Margret Kiehn', 'ut-asperiores-tenetur-doloremque-neque-omnis', '587.91', '01JMF24FBRTVE0WQN4JBTV6PN1.png', 207, '2025-02-19 12:25:51', '2025-02-19 12:25:51', 87, 1),
(56, 'Mr. Santiago Yundt Jr.', 'consectetur-dolorum-eum-consectetur-magni-molestiae', '978.05', '01JMF24FBRTVE0WQN4JBTV6PN1.png', 207, '2025-02-19 12:25:51', '2025-02-19 12:25:51', 93, 1),
(57, 'Magali Pacocha', 'similique-consequuntur-ex-et-nisi', '805.89', '01JMF24FBRTVE0WQN4JBTV6PN1.png', 207, '2025-02-19 12:25:51', '2025-02-19 12:25:51', 66, 1),
(58, 'Zelda Wehner V', 'iusto-placeat-placeat-voluptas-qui-quia', '276.53', '01JMF24FBRTVE0WQN4JBTV6PN1.png', 207, '2025-02-19 12:25:51', '2025-02-19 12:25:51', 47, 1),
(59, 'Vickie Turner', 'eaque-id-inventore-sed-cumque-voluptas-quia-eos', '71.20', '01JMF24FBRTVE0WQN4JBTV6PN1.png', 207, '2025-02-19 12:25:51', '2025-02-19 12:25:51', 77, 1),
(60, 'Miss Tiana Schmeler Jr.', 'sint-accusamus-eum-vel-ut', '967.38', '01JMF24FBRTVE0WQN4JBTV6PN1.png', 207, '2025-02-19 12:25:51', '2025-02-19 12:25:51', 76, 1),
(61, 'Blair Schmeler', 'reiciendis-et-eligendi-voluptatem-sunt-qui', '859.30', '01JMF24FBRTVE0WQN4JBTV6PN1.png', 207, '2025-02-19 12:25:51', '2025-02-19 12:25:51', 3, 1),
(62, 'Dr. Madyson Koss DDS', 'ut-est-ea-ut-porro-ab', '72.80', '01JMF24FBRTVE0WQN4JBTV6PN1.png', 207, '2025-02-19 12:25:51', '2025-02-19 12:25:51', 21, 1),
(63, 'Jessy Dibbert PhD', 'molestiae-dolore-explicabo-earum-exercitationem-facere', '501.37', '01JMF24FBRTVE0WQN4JBTV6PN1.png', 207, '2025-02-19 12:25:51', '2025-02-19 12:25:51', 48, 1),
(64, 'Tyson Buckridge Sr.', 'nisi-dicta-eum-fugit-porro', '876.40', '01JMF24FBRTVE0WQN4JBTV6PN1.png', 207, '2025-02-19 12:25:51', '2025-02-19 12:25:51', 99, 1),
(65, 'Bridie Goyette', 'commodi-rerum-et-sit-asperiores', '124.01', '01JMF24FBRTVE0WQN4JBTV6PN1.png', 207, '2025-02-19 12:25:51', '2025-02-19 12:25:51', 56, 1),
(66, 'Oran Abbott MD', 'quam-veniam-est-aut-minus-eius-sequi-eius-ipsa', '224.56', '01JMF24FBRTVE0WQN4JBTV6PN1.png', 207, '2025-02-19 12:25:51', '2025-02-19 12:25:51', 62, 1),
(67, 'Ellsworth Jerde', 'eius-iusto-sit-possimus-impedit-est-quos', '954.07', '01JMF24FBRTVE0WQN4JBTV6PN1.png', 207, '2025-02-19 12:25:51', '2025-02-19 12:25:51', 53, 1),
(68, 'Vena Parker', 'sapiente-et-doloremque-accusantium-et-temporibus-laudantium', '777.84', '01JMF24FBRTVE0WQN4JBTV6PN1.png', 207, '2025-02-19 12:25:51', '2025-02-19 12:25:51', 51, 1),
(69, 'Sally Ernser', 'voluptatum-tempore-et-nihil-odit-magni-laborum-sit-eos', '615.30', '01JMF24FBRTVE0WQN4JBTV6PN1.png', 207, '2025-02-19 12:25:51', '2025-02-19 12:25:51', 86, 1),
(70, 'Mr. Junius Erdman III', 'reprehenderit-asperiores-ut-enim-facilis-asperiores-iusto-fugiat', '728.25', '01JMF24FBRTVE0WQN4JBTV6PN1.png', 207, '2025-02-19 12:25:51', '2025-02-19 12:25:51', 44, 1),
(71, 'Scarlett Kertzmann I', 'minus-id-reiciendis-omnis-non', '25.29', '01JMF24FBRTVE0WQN4JBTV6PN1.png', 207, '2025-02-19 12:25:51', '2025-02-19 12:25:51', 95, 1),
(72, 'Mr. Mark Tremblay Jr.', 'culpa-veritatis-earum-temporibus-odit-quia-laudantium-quisquam-nam', '35.46', '01JMF24FBRTVE0WQN4JBTV6PN1.png', 207, '2025-02-19 12:25:51', '2025-02-19 12:25:51', 87, 1),
(73, 'Dr. Christine Hintz MD', 'ea-odit-ex-similique-aut-aspernatur-incidunt-beatae', '407.23', '01JMF24FBRTVE0WQN4JBTV6PN1.png', 207, '2025-02-19 12:25:51', '2025-02-19 12:25:51', 6, 1),
(74, 'Ms. Brooklyn Brekke MD', 'dolorem-assumenda-est-ad-est-excepturi-delectus-doloribus-tenetur', '565.86', '01JMF24FBRTVE0WQN4JBTV6PN1.png', 207, '2025-02-19 12:25:51', '2025-02-19 12:25:51', 44, 1),
(75, 'Dr. Naomie Bauch', 'voluptatum-molestiae-cumque-illo-optio', '524.35', '01JMF24FBRTVE0WQN4JBTV6PN1.png', 207, '2025-02-19 12:25:51', '2025-02-19 12:25:51', 30, 1),
(76, 'Miss Rebekah Farrell DVM', 'voluptatum-officia-nesciunt-veniam-necessitatibus', '247.86', '01JMF24FBRTVE0WQN4JBTV6PN1.png', 207, '2025-02-19 12:25:51', '2025-02-19 12:25:51', 99, 1),
(77, 'Dr. Collin Schroeder', 'eos-veniam-voluptatem-tempora-eveniet-doloremque-voluptatem-aut', '226.24', '01JMF24FBRTVE0WQN4JBTV6PN1.png', 208, '2025-02-19 12:25:51', '2025-02-19 12:25:51', 49, 1),
(78, 'Mrs. Kaitlin Howe', 'et-et-ut-dolore-ut-eum', '965.64', '01JMF24FBRTVE0WQN4JBTV6PN1.png', 208, '2025-02-19 12:25:51', '2025-02-19 12:25:51', 54, 1),
(79, 'Miss Kelsie Greenfelder', 'sapiente-dolorum-consequatur-modi', '994.57', '01JMF24FBRTVE0WQN4JBTV6PN1.png', 208, '2025-02-19 12:25:51', '2025-02-19 12:25:51', 24, 1),
(80, 'Prof. Jamison Armstrong', 'officiis-totam-iste-enim-cum', '512.69', '01JMF24FBRTVE0WQN4JBTV6PN1.png', 208, '2025-02-19 12:25:51', '2025-02-19 12:25:51', 97, 1),
(81, 'Demetris Corwin', 'consequatur-molestias-et-ea', '301.47', '01JMF24FBRTVE0WQN4JBTV6PN1.png', 208, '2025-02-19 12:25:51', '2025-02-19 12:25:51', 100, 1),
(82, 'Faustino Goyette', 'natus-iste-ex-earum-et-illo-eaque', '297.08', '01JMF24FBRTVE0WQN4JBTV6PN1.png', 208, '2025-02-19 12:25:51', '2025-02-19 12:25:51', 86, 1),
(83, 'Prof. Angelo Cremin DDS', 'id-aperiam-consequatur-ut-asperiores-sit-maiores-iusto-corporis', '829.39', '01JMF24FBRTVE0WQN4JBTV6PN1.png', 208, '2025-02-19 12:25:51', '2025-02-19 12:25:51', 63, 1),
(84, 'Faustino Corwin I', 'ea-itaque-esse-omnis', '744.18', '01JMF24FBRTVE0WQN4JBTV6PN1.png', 208, '2025-02-19 12:25:51', '2025-02-19 12:25:51', 87, 1),
(85, 'Tillman Lubowitz', 'ipsa-in-molestiae-placeat-quisquam-error-recusandae', '940.61', '01JMF24FBRTVE0WQN4JBTV6PN1.png', 208, '2025-02-19 12:25:51', '2025-02-19 12:25:51', 15, 1),
(86, 'Wade Lockman', 'facilis-quia-voluptas-sit-qui-voluptas', '713.90', '01JMF24FBRTVE0WQN4JBTV6PN1.png', 208, '2025-02-19 12:25:51', '2025-02-19 12:25:51', 83, 1),
(87, 'Liza Strosin', 'nam-laboriosam-enim-nihil-tempore-perferendis-corporis', '636.04', '01JMF24FBRTVE0WQN4JBTV6PN1.png', 208, '2025-02-19 12:25:51', '2025-02-19 12:25:51', 83, 1),
(88, 'Dorothy Cole MD', 'quo-et-vero-quae-consequatur-modi', '575.63', '01JMF24FBRTVE0WQN4JBTV6PN1.png', 208, '2025-02-19 12:25:51', '2025-02-19 12:25:51', 69, 1),
(89, 'Ivory Klein', 'molestiae-asperiores-sunt-id-voluptatem-asperiores-qui-nam', '729.24', '01JMF24FBRTVE0WQN4JBTV6PN1.png', 208, '2025-02-19 12:25:51', '2025-02-19 12:25:51', 59, 1),
(90, 'Mrs. Gloria Barton PhD', 'adipisci-soluta-sapiente-vel-ea', '888.14', '01JMF24FBRTVE0WQN4JBTV6PN1.png', 208, '2025-02-19 12:25:51', '2025-02-19 12:25:51', 87, 1),
(91, 'Daphne Morissette II', 'asperiores-accusantium-possimus-consequatur-quam-et-animi-iusto-et', '333.10', '01JMF24FBRTVE0WQN4JBTV6PN1.png', 208, '2025-02-19 12:25:51', '2025-02-19 12:25:51', 27, 1),
(92, 'Ruby Gleichner', 'sit-esse-non-inventore-aut-corporis', '438.17', '01JMF24FBRTVE0WQN4JBTV6PN1.png', 208, '2025-02-19 12:25:51', '2025-02-19 12:25:51', 85, 1),
(93, 'Evangeline Schmitt', 'ea-maiores-laudantium-mollitia-consequuntur-cum-ipsam', '984.44', '01JMF24FBRTVE0WQN4JBTV6PN1.png', 208, '2025-02-19 12:25:51', '2025-02-19 12:25:51', 66, 1),
(94, 'Miss Alize Cole PhD', 'recusandae-quia-consequatur-eius-ipsa', '476.64', '01JMF24FBRTVE0WQN4JBTV6PN1.png', 208, '2025-02-19 12:25:51', '2025-02-19 12:25:51', 68, 1),
(95, 'Naomie Steuber', 'aut-quod-quaerat-et-dolorem-occaecati-veritatis-expedita', '345.17', '01JMF24FBRTVE0WQN4JBTV6PN1.png', 208, '2025-02-19 12:25:51', '2025-02-19 12:25:51', 23, 1),
(96, 'Sean Barrows', 'id-sint-et-exercitationem-eum-ratione', '717.37', '01JMF24FBRTVE0WQN4JBTV6PN1.png', 208, '2025-02-19 12:25:51', '2025-02-19 12:25:51', 51, 1),
(97, 'Scotty Becker', 'itaque-corporis-alias-ipsa', '684.56', '01JMF24FBRTVE0WQN4JBTV6PN1.png', 208, '2025-02-19 12:25:51', '2025-02-19 12:25:51', 57, 1),
(98, 'Mr. Ali Emmerich V', 'debitis-fugit-possimus-animi-inventore-consectetur-totam-et', '284.80', '01JMF24FBRTVE0WQN4JBTV6PN1.png', 208, '2025-02-19 12:25:51', '2025-02-19 12:25:51', 48, 1),
(99, 'Wade Bechtelar', 'deleniti-illo-vitae-et-quis-laborum-reprehenderit-totam', '607.35', '01JMF24FBRTVE0WQN4JBTV6PN1.png', 208, '2025-02-19 12:25:51', '2025-02-19 12:25:51', 49, 1),
(100, 'Mr. Junior Walsh MD', 'sit-eos-consequatur-eum-sit-blanditiis', '858.86', '01JMF24FBRTVE0WQN4JBTV6PN1.png', 208, '2025-02-19 12:25:51', '2025-02-19 12:25:51', 32, 1),
(101, 'Ines McDermott', 'quasi-accusantium-deleniti-earum-odit-mollitia-molestias-ut', '452.61', '01JMF24FBRTVE0WQN4JBTV6PN1.png', 208, '2025-02-19 12:25:51', '2025-02-19 12:25:51', 24, 1),
(102, 'Nicholaus Bins', 'velit-voluptas-cum-cum-sunt-neque-et', '674.02', '01JMF24FBRTVE0WQN4JBTV6PN1.png', 209, '2025-02-19 12:25:51', '2025-02-19 12:25:51', 56, 1),
(103, 'Mr. Ludwig Hansen DDS', 'suscipit-maxime-doloremque-aut-sequi-explicabo-recusandae-in', '90.06', '01JMF24FBRTVE0WQN4JBTV6PN1.png', 209, '2025-02-19 12:25:51', '2025-02-19 12:25:51', 44, 1),
(104, 'Porter Eichmann', 'eveniet-quisquam-est-explicabo-error-ipsum', '952.60', '01JMF24FBRTVE0WQN4JBTV6PN1.png', 209, '2025-02-19 12:25:51', '2025-02-19 12:25:51', 23, 1),
(105, 'Georgianna Davis III', 'rerum-dolor-quibusdam-eum-assumenda-tempora-nam', '775.82', '01JMF24FBRTVE0WQN4JBTV6PN1.png', 209, '2025-02-19 12:25:51', '2025-02-19 12:25:51', 94, 1),
(106, 'Nedra Walter', 'consectetur-aut-vitae-architecto-nisi', '29.21', '01JMF24FBRTVE0WQN4JBTV6PN1.png', 209, '2025-02-19 12:25:51', '2025-02-19 12:25:51', 28, 1),
(107, 'Amparo McCullough', 'nobis-sint-eius-delectus-pariatur-autem-voluptate-eos-architecto', '81.19', '01JMF24FBRTVE0WQN4JBTV6PN1.png', 209, '2025-02-19 12:25:51', '2025-02-19 12:25:51', 63, 1),
(108, 'Connie Heathcote', 'non-qui-voluptatem-ut-quidem-omnis', '106.79', '01JMF24FBRTVE0WQN4JBTV6PN1.png', 209, '2025-02-19 12:25:51', '2025-02-19 12:25:51', 77, 1),
(109, 'Joanie Hills', 'cum-culpa-eum-fugiat-veritatis-error', '664.64', '01JMF24FBRTVE0WQN4JBTV6PN1.png', 209, '2025-02-19 12:25:51', '2025-02-19 12:25:51', 20, 1),
(110, 'Daphne Cummerata', 'ad-deserunt-et-sapiente-pariatur-omnis-saepe', '956.32', '01JMF24FBRTVE0WQN4JBTV6PN1.png', 209, '2025-02-19 12:25:51', '2025-02-19 12:25:51', 18, 1),
(111, 'Dr. Katelynn Fadel III', 'nostrum-iste-vitae-quis-non-commodi-vero', '618.51', '01JMF24FBRTVE0WQN4JBTV6PN1.png', 209, '2025-02-19 12:25:51', '2025-02-19 12:25:51', 58, 1),
(112, 'Hiram Welch', 'magni-et-sit-iusto-nam-voluptatum-modi', '952.17', '01JMF24FBRTVE0WQN4JBTV6PN1.png', 209, '2025-02-19 12:25:51', '2025-02-19 12:25:51', 77, 1),
(113, 'Ms. Cassidy Fisher V', 'qui-et-alias-id-quibusdam-quas-qui-blanditiis', '356.95', '01JMF24FBRTVE0WQN4JBTV6PN1.png', 209, '2025-02-19 12:25:51', '2025-02-19 12:25:51', 4, 1),
(114, 'Jazlyn Moen', 'repudiandae-aut-provident-consequatur-quo-qui-eum-dolore', '847.24', '01JMF24FBRTVE0WQN4JBTV6PN1.png', 209, '2025-02-19 12:25:51', '2025-02-19 12:25:51', 82, 1),
(115, 'Jewell Kuvalis', 'blanditiis-ipsum-sunt-velit-quos-et-quis', '323.24', '01JMF24FBRTVE0WQN4JBTV6PN1.png', 209, '2025-02-19 12:25:51', '2025-02-19 12:25:51', 68, 1),
(116, 'Anika Jast', 'qui-quis-sint-non-itaque-ipsam', '449.57', '01JMF24FBRTVE0WQN4JBTV6PN1.png', 209, '2025-02-19 12:25:51', '2025-02-19 12:25:51', 52, 1),
(117, 'Alysson Mohr', 'laudantium-cum-fugiat-unde-enim-ut-accusamus', '743.43', '01JMF24FBRTVE0WQN4JBTV6PN1.png', 209, '2025-02-19 12:25:51', '2025-02-19 12:25:51', 98, 1),
(118, 'Daija Watsica', 'eum-voluptas-consequuntur-vel-id-alias', '228.65', '01JMF24FBRTVE0WQN4JBTV6PN1.png', 209, '2025-02-19 12:25:51', '2025-02-19 12:25:51', 29, 1),
(119, 'Prof. Levi Ratke DVM', 'eaque-sunt-possimus-dolor-consequuntur-sed-error', '608.86', '01JMF24FBRTVE0WQN4JBTV6PN1.png', 209, '2025-02-19 12:25:51', '2025-02-19 12:25:51', 46, 1),
(120, 'Joey Strosin', 'voluptatem-dolores-officiis-tempore-dolorum-fugiat-dolor', '719.40', '01JMF24FBRTVE0WQN4JBTV6PN1.png', 209, '2025-02-19 12:25:51', '2025-02-19 12:25:51', 78, 1),
(121, 'Aimee Maggio', 'nostrum-placeat-et-atque-velit-commodi', '543.01', '01JMF24FBRTVE0WQN4JBTV6PN1.png', 209, '2025-02-19 12:25:51', '2025-02-19 12:25:51', 37, 1),
(122, 'Francis O\'Keefe IV', 'at-quia-voluptatem-esse-aut', '635.64', '01JMF24FBRTVE0WQN4JBTV6PN1.png', 209, '2025-02-19 12:25:51', '2025-02-19 12:25:51', 26, 1),
(123, 'Myrtie Heathcote', 'quia-consectetur-impedit-quam', '942.70', '01JMF24FBRTVE0WQN4JBTV6PN1.png', 209, '2025-02-19 12:25:51', '2025-02-19 12:25:51', 36, 1),
(124, 'Carmen Sanford', 'non-ut-placeat-voluptas-laboriosam-eius', '680.11', '01JMF24FBRTVE0WQN4JBTV6PN1.png', 209, '2025-02-19 12:25:51', '2025-02-19 12:25:51', 33, 1),
(125, 'Mrs. Cora Price Jr.', 'voluptate-id-qui-voluptas', '769.79', '01JMF24FBRTVE0WQN4JBTV6PN1.png', 209, '2025-02-19 12:25:51', '2025-02-19 12:25:51', 70, 1),
(126, 'Ms. Marian Morar MD', 'sit-accusamus-omnis-et-est-autem-doloremque-voluptas', '716.57', '01JMF24FBRTVE0WQN4JBTV6PN1.png', 209, '2025-02-19 12:25:51', '2025-02-19 12:25:51', 37, 1),
(127, 'Carolanne Hoeger Jr.', 'velit-ab-possimus-asperiores-nisi-ab-sit', '627.70', '01JMF24FBRTVE0WQN4JBTV6PN1.png', 210, '2025-02-19 12:25:51', '2025-02-19 12:25:51', 79, 1),
(128, 'Jermey Dickinson', 'necessitatibus-ea-rerum-nostrum-et-ea-hic-commodi', '509.44', '01JMF24FBRTVE0WQN4JBTV6PN1.png', 210, '2025-02-19 12:25:51', '2025-02-19 12:25:51', 73, 1),
(129, 'Dr. Jaylan Schamberger Jr.', 'voluptas-rerum-accusamus-quod-nulla-qui-iusto-aliquam', '795.67', '01JMF24FBRTVE0WQN4JBTV6PN1.png', 210, '2025-02-19 12:25:51', '2025-02-19 12:25:51', 86, 1),
(130, 'Ernestine Schinner', 'suscipit-debitis-dolores-eveniet-ex-vitae-est-nam', '330.34', '01JMF24FBRTVE0WQN4JBTV6PN1.png', 210, '2025-02-19 12:25:51', '2025-02-19 12:25:51', 39, 1),
(131, 'Garland Herzog', 'nesciunt-totam-voluptas-corporis-dolores-eaque-dolores-voluptatem', '962.43', '01JMF24FBRTVE0WQN4JBTV6PN1.png', 210, '2025-02-19 12:25:51', '2025-02-19 12:25:51', 5, 1),
(132, 'Virgil Collier', 'molestiae-eveniet-eius-in-adipisci-praesentium-beatae-et', '195.04', '01JMF24FBRTVE0WQN4JBTV6PN1.png', 210, '2025-02-19 12:25:51', '2025-02-19 12:25:51', 28, 1),
(133, 'Prof. Wilfredo Abernathy Jr.', 'aut-voluptatem-enim-sint-error-iure-reiciendis', '777.97', '01JMF24FBRTVE0WQN4JBTV6PN1.png', 210, '2025-02-19 12:25:51', '2025-02-19 12:25:51', 73, 1),
(134, 'Dr. Bryce Johns PhD', 'numquam-quibusdam-itaque-est-vel-pariatur', '920.88', '01JMF24FBRTVE0WQN4JBTV6PN1.png', 210, '2025-02-19 12:25:51', '2025-02-19 12:25:51', 9, 1),
(135, 'Prof. Lauryn Haley I', 'repellat-et-expedita-facere-ea-aut-deserunt', '355.53', '01JMF24FBRTVE0WQN4JBTV6PN1.png', 210, '2025-02-19 12:25:51', '2025-02-19 12:25:51', 63, 1),
(136, 'Dr. Javon Heidenreich', 'voluptatum-ex-nobis-rerum-ut-dignissimos', '153.42', '01JMF24FBRTVE0WQN4JBTV6PN1.png', 210, '2025-02-19 12:25:51', '2025-02-19 12:25:51', 2, 1),
(137, 'Orville Fay', 'qui-accusamus-quaerat-iure-illum-excepturi-hic-facere', '152.36', '01JMF24FBRTVE0WQN4JBTV6PN1.png', 210, '2025-02-19 12:25:51', '2025-02-19 12:25:51', 3, 1),
(138, 'Maida Toy', 'sed-tempora-et-esse-et-aut-ea-doloribus', '849.26', '01JMF24FBRTVE0WQN4JBTV6PN1.png', 210, '2025-02-19 12:25:51', '2025-02-19 12:25:51', 3, 1),
(139, 'Vinnie Langosh', 'repellat-soluta-ut-omnis-dicta', '923.22', '01JMF24FBRTVE0WQN4JBTV6PN1.png', 210, '2025-02-19 12:25:51', '2025-02-19 12:25:51', 0, 1),
(140, 'Mr. Theo Donnelly DDS', 'vitae-cumque-dolores-ullam-aut-laboriosam-et', '837.61', '01JMF24FBRTVE0WQN4JBTV6PN1.png', 210, '2025-02-19 12:25:51', '2025-02-19 12:25:51', 76, 1),
(141, 'Dr. Jeffry Daniel', 'sit-accusamus-aut-corporis-nisi', '420.77', '01JMF24FBRTVE0WQN4JBTV6PN1.png', 210, '2025-02-19 12:25:51', '2025-02-19 12:25:51', 93, 1),
(142, 'Arlene Treutel', 'facilis-ut-accusamus-velit-id-suscipit-vitae', '964.15', '01JMF24FBRTVE0WQN4JBTV6PN1.png', 210, '2025-02-19 12:25:51', '2025-02-19 12:25:51', 39, 1),
(143, 'Ms. Shanny Hand', 'magnam-quam-numquam-voluptatum-culpa-temporibus-sapiente', '121.06', '01JMF24FBRTVE0WQN4JBTV6PN1.png', 210, '2025-02-19 12:25:51', '2025-02-19 12:25:51', 24, 1),
(144, 'Bradley Kihn', 'reiciendis-sequi-id-sed-ratione-eos', '687.97', '01JMF24FBRTVE0WQN4JBTV6PN1.png', 210, '2025-02-19 12:25:51', '2025-02-19 12:25:51', 17, 1),
(145, 'Estefania Trantow', 'et-officia-deleniti-eos-ea', '36.21', '01JMF24FBRTVE0WQN4JBTV6PN1.png', 210, '2025-02-19 12:25:51', '2025-02-19 12:25:51', 77, 1),
(146, 'Jermain Konopelski', 'soluta-qui-sed-provident-rerum-et-quos', '54.83', '01JMF24FBRTVE0WQN4JBTV6PN1.png', 210, '2025-02-19 12:25:51', '2025-02-19 12:25:51', 89, 1),
(147, 'Yesenia Windler', 'quos-iste-ad-ut-dolorem-illo-ad', '310.35', '01JMF24FBRTVE0WQN4JBTV6PN1.png', 210, '2025-02-19 12:25:51', '2025-02-19 12:25:51', 29, 1),
(148, 'Maye Homenick', 'iusto-dignissimos-ea-perferendis-rerum-earum-totam-aliquid', '707.48', '01JMF24FBRTVE0WQN4JBTV6PN1.png', 210, '2025-02-19 12:25:51', '2025-02-19 12:25:51', 67, 1),
(149, 'Josiah Jast', 'ut-accusamus-corporis-natus-delectus-necessitatibus', '881.94', '01JMF24FBRTVE0WQN4JBTV6PN1.png', 210, '2025-02-19 12:25:51', '2025-02-19 12:25:51', 12, 1),
(150, 'Hortense Waters', 'aut-minus-rem-explicabo-sed-id-explicabo-non-itaque', '727.71', '01JMF24FBRTVE0WQN4JBTV6PN1.png', 210, '2025-02-19 12:25:51', '2025-02-19 12:25:51', 52, 1),
(151, 'Juliana Torphy', 'molestiae-cupiditate-voluptas-modi', '828.90', '01JMF24FBRTVE0WQN4JBTV6PN1.png', 210, '2025-02-19 12:25:51', '2025-02-19 12:25:51', 42, 1),
(152, 'Gussie Murazik', 'fugit-blanditiis-sit-numquam-aperiam-soluta-esse-laudantium-accusamus', '969.59', '01JMF24FBRTVE0WQN4JBTV6PN1.png', 211, '2025-02-19 12:25:51', '2025-02-19 12:25:51', 13, 1),
(153, 'Ian Tillman', 'similique-magni-deleniti-aut-doloremque-at-non-ut', '339.33', '01JMF24FBRTVE0WQN4JBTV6PN1.png', 211, '2025-02-19 12:25:51', '2025-02-19 12:25:51', 85, 1),
(154, 'Dr. Jamal Cassin Sr.', 'qui-recusandae-consequatur-laborum-est-expedita-delectus-atque-est', '741.98', '01JMF24FBRTVE0WQN4JBTV6PN1.png', 211, '2025-02-19 12:25:51', '2025-02-19 12:25:51', 44, 1),
(155, 'Dr. Irma Wolff Jr.', 'iusto-officiis-iste-soluta', '331.28', '01JMF24FBRTVE0WQN4JBTV6PN1.png', 211, '2025-02-19 12:25:51', '2025-02-19 12:25:51', 26, 1),
(156, 'Kathlyn Huels', 'culpa-quis-ratione-quaerat-incidunt', '683.06', '01JMF24FBRTVE0WQN4JBTV6PN1.png', 211, '2025-02-19 12:25:51', '2025-02-19 12:25:51', 82, 1),
(157, 'Ms. Aileen Ondricka Sr.', 'non-voluptas-occaecati-est-ipsum-quod-quo-quaerat-quia', '195.21', '01JMF24FBRTVE0WQN4JBTV6PN1.png', 211, '2025-02-19 12:25:51', '2025-02-19 12:25:51', 41, 1),
(158, 'Miles Sipes', 'itaque-culpa-quo-quos-inventore-accusamus-voluptas-in-est', '980.93', '01JMF24FBRTVE0WQN4JBTV6PN1.png', 211, '2025-02-19 12:25:51', '2025-02-19 12:25:51', 66, 1),
(159, 'Mrs. Alyson Christiansen', 'voluptatem-dolorum-et-dolorem-temporibus-mollitia', '314.02', '01JMF24FBRTVE0WQN4JBTV6PN1.png', 211, '2025-02-19 12:25:51', '2025-02-19 12:25:51', 8, 1),
(160, 'Mrs. Kiera Crist', 'est-magnam-enim-velit-nihil', '822.63', '01JMF24FBRTVE0WQN4JBTV6PN1.png', 211, '2025-02-19 12:25:51', '2025-02-19 12:25:51', 0, 1),
(161, 'Lucile Nader', 'provident-voluptatem-explicabo-corporis-aut-dolorem-aperiam', '791.40', '01JMF24FBRTVE0WQN4JBTV6PN1.png', 211, '2025-02-19 12:25:51', '2025-02-19 12:25:51', 63, 1),
(162, 'Edd Nikolaus', 'qui-dolore-esse-doloremque-consequatur-culpa-ut-in', '36.62', '01JMF24FBRTVE0WQN4JBTV6PN1.png', 211, '2025-02-19 12:25:51', '2025-02-19 12:25:51', 26, 1),
(163, 'Nadia Monahan', 'molestiae-qui-ut-voluptatem-voluptatem', '757.79', '01JMF24FBRTVE0WQN4JBTV6PN1.png', 211, '2025-02-19 12:25:51', '2025-02-19 12:25:51', 69, 1),
(164, 'Gonzalo Flatley', 'hic-aliquid-quibusdam-sint-aut-fugiat-dolor-distinctio', '742.87', '01JMF24FBRTVE0WQN4JBTV6PN1.png', 211, '2025-02-19 12:25:51', '2025-02-19 12:25:51', 67, 1),
(165, 'Dayne Swaniawski', 'vel-neque-sed-nisi-voluptatum-rem', '960.70', '01JMF24FBRTVE0WQN4JBTV6PN1.png', 211, '2025-02-19 12:25:51', '2025-02-19 12:25:51', 68, 1),
(166, 'Merlin Ortiz', 'maiores-blanditiis-dolorem-laudantium', '194.39', '01JMF24FBRTVE0WQN4JBTV6PN1.png', 211, '2025-02-19 12:25:51', '2025-02-19 12:25:51', 43, 1),
(167, 'Derick Senger', 'aperiam-voluptas-libero-rerum-possimus-voluptatem-facilis', '261.51', '01JMF24FBRTVE0WQN4JBTV6PN1.png', 211, '2025-02-19 12:25:51', '2025-02-19 12:25:51', 9, 1),
(168, 'Dr. Clementina Kihn III', 'officia-praesentium-beatae-iure-in-et-quidem', '732.16', '01JMF24FBRTVE0WQN4JBTV6PN1.png', 211, '2025-02-19 12:25:51', '2025-02-19 12:25:51', 54, 1),
(169, 'Mr. Kim Schaden Sr.', 'eveniet-minima-corrupti-eveniet-atque', '729.17', '01JMF24FBRTVE0WQN4JBTV6PN1.png', 211, '2025-02-19 12:25:51', '2025-02-19 12:25:51', 38, 1),
(170, 'Thora Hackett', 'quod-beatae-eveniet-explicabo-ut-dolore-dignissimos', '75.66', '01JMF24FBRTVE0WQN4JBTV6PN1.png', 211, '2025-02-19 12:25:51', '2025-02-19 12:25:51', 32, 1),
(171, 'Emmitt Schroeder III', 'iste-nihil-omnis-voluptas-ex-impedit', '464.52', '01JMF24FBRTVE0WQN4JBTV6PN1.png', 211, '2025-02-19 12:25:51', '2025-02-19 12:25:51', 84, 1),
(172, 'Alba Senger DDS', 'alias-qui-temporibus-impedit-architecto-dolore-pariatur-et-magni', '690.13', '01JMF24FBRTVE0WQN4JBTV6PN1.png', 211, '2025-02-19 12:25:51', '2025-02-19 12:25:51', 58, 1),
(173, 'Ms. Earnestine Murazik', 'ipsa-provident-est-autem-ratione-fugiat-voluptas-doloribus-unde', '170.05', '01JMF24FBRTVE0WQN4JBTV6PN1.png', 211, '2025-02-19 12:25:51', '2025-02-19 12:25:51', 14, 1),
(174, 'Brandi Bode', 'qui-cum-fugit-consequatur-qui-ea-totam-quia', '980.39', '01JMF24FBRTVE0WQN4JBTV6PN1.png', 211, '2025-02-19 12:25:51', '2025-02-19 12:25:51', 36, 1),
(175, 'Betty Kilback', 'praesentium-deserunt-et-qui-at-rerum-consectetur-odit', '447.73', '01JMF24FBRTVE0WQN4JBTV6PN1.png', 211, '2025-02-19 12:25:51', '2025-02-19 12:25:51', 39, 1),
(176, 'Conrad Christiansen Sr.', 'dolor-corporis-sed-enim-quia-debitis-qui-sint', '201.60', '01JMF24FBRTVE0WQN4JBTV6PN1.png', 211, '2025-02-19 12:25:51', '2025-02-19 12:25:51', 27, 1),
(177, 'Dr. Serena Willms IV', 'laborum-qui-sunt-itaque-rerum', '287.84', '01JMF24FBRTVE0WQN4JBTV6PN1.png', 212, '2025-02-19 12:25:51', '2025-02-19 12:25:51', 5, 1),
(178, 'Hanna Volkman', 'cumque-voluptatem-nostrum-consequatur-et-dolorem-quaerat', '42.38', '01JMF24FBRTVE0WQN4JBTV6PN1.png', 212, '2025-02-19 12:25:51', '2025-02-19 12:25:51', 66, 1),
(179, 'Ms. Johanna Osinski Sr.', 'quia-qui-eligendi-sed-ab', '230.61', '01JMF24FBRTVE0WQN4JBTV6PN1.png', 212, '2025-02-19 12:25:51', '2025-02-19 12:25:51', 71, 1),
(180, 'Wayne Littel', 'itaque-porro-autem-nihil-dolorem', '457.68', '01JMF24FBRTVE0WQN4JBTV6PN1.png', 212, '2025-02-19 12:25:51', '2025-02-19 12:25:51', 52, 1),
(181, 'Gregory Morissette Sr.', 'et-inventore-aperiam-omnis-non-velit-ut', '135.21', '01JMF24FBRTVE0WQN4JBTV6PN1.png', 212, '2025-02-19 12:25:51', '2025-02-19 12:25:51', 30, 1),
(182, 'Bruce Lang', 'numquam-beatae-a-quis-quidem-ipsum-impedit', '293.93', '01JMF24FBRTVE0WQN4JBTV6PN1.png', 212, '2025-02-19 12:25:51', '2025-02-19 12:25:51', 11, 1),
(183, 'Adriel Stamm', 'eveniet-facilis-quam-est-assumenda-maiores', '695.06', '01JMF24FBRTVE0WQN4JBTV6PN1.png', 212, '2025-02-19 12:25:51', '2025-02-19 12:25:51', 6, 1),
(184, 'Alfred Stracke', 'sint-natus-aut-qui', '325.49', '01JMF24FBRTVE0WQN4JBTV6PN1.png', 212, '2025-02-19 12:25:51', '2025-02-19 12:25:51', 49, 1),
(185, 'Myrtis Hagenes', 'voluptatibus-ab-dignissimos-voluptatibus', '792.26', '01JMF24FBRTVE0WQN4JBTV6PN1.png', 212, '2025-02-19 12:25:51', '2025-02-19 12:25:51', 56, 1),
(186, 'Catalina Cole', 'vel-quibusdam-architecto-dolores-nulla', '411.46', '01JMF24FBRTVE0WQN4JBTV6PN1.png', 212, '2025-02-19 12:25:51', '2025-02-19 12:25:51', 76, 1),
(187, 'Gregoria Konopelski', 'eveniet-perferendis-id-minima-harum-excepturi-facilis', '435.34', '01JMF24FBRTVE0WQN4JBTV6PN1.png', 212, '2025-02-19 12:25:51', '2025-02-19 12:25:51', 62, 1),
(188, 'Jaleel Green Sr.', 'error-quasi-facilis-fuga-officiis-sed-vero-fugiat', '885.28', '01JMF24FBRTVE0WQN4JBTV6PN1.png', 212, '2025-02-19 12:25:51', '2025-02-19 12:25:51', 30, 1),
(189, 'Jose Batz', 'et-et-quidem-ut', '824.93', '01JMF24FBRTVE0WQN4JBTV6PN1.png', 212, '2025-02-19 12:25:51', '2025-02-19 12:25:51', 74, 1),
(190, 'Kylee Herman', 'vel-aut-fugit-illo-facere', '918.06', '01JMF24FBRTVE0WQN4JBTV6PN1.png', 212, '2025-02-19 12:25:51', '2025-02-19 12:25:51', 46, 1),
(191, 'Kaleigh Bins', 'rem-beatae-ullam-aut-eos', '510.39', '01JMF24FBRTVE0WQN4JBTV6PN1.png', 212, '2025-02-19 12:25:51', '2025-02-19 12:25:51', 68, 1),
(192, 'Miss Ludie Schowalter', 'voluptatem-ipsum-qui-dolore-vel-aut-fugiat-quae', '849.92', '01JMF24FBRTVE0WQN4JBTV6PN1.png', 212, '2025-02-19 12:25:51', '2025-02-19 12:25:51', 91, 1),
(193, 'Kiana Marks', 'veritatis-quasi-dolor-sunt-saepe', '882.00', '01JMF24FBRTVE0WQN4JBTV6PN1.png', 212, '2025-02-19 12:25:51', '2025-02-19 12:25:51', 77, 1),
(194, 'Bria Boehm', 'veritatis-deserunt-nisi-autem-voluptatem-voluptatum-inventore-velit', '392.15', '01JMF24FBRTVE0WQN4JBTV6PN1.png', 212, '2025-02-19 12:25:51', '2025-02-19 12:25:51', 13, 1),
(195, 'Peggie Kunze', 'quia-blanditiis-voluptas-optio-ratione-officiis-eum-optio', '224.07', '01JMF24FBRTVE0WQN4JBTV6PN1.png', 212, '2025-02-19 12:25:51', '2025-02-19 12:25:51', 6, 1),
(196, 'Jenifer Gibson', 'voluptate-molestiae-est-recusandae-suscipit-qui-fugit-quis-amet', '735.07', '01JMF24FBRTVE0WQN4JBTV6PN1.png', 212, '2025-02-19 12:25:51', '2025-02-19 12:25:51', 49, 1),
(197, 'Ocie Glover', 'dolor-quisquam-fugit-enim-totam-nisi', '727.98', '01JMF24FBRTVE0WQN4JBTV6PN1.png', 212, '2025-02-19 12:25:51', '2025-02-19 12:25:51', 51, 1),
(198, 'Ana Pollich', 'nesciunt-est-rerum-ad-vero-voluptate-aut-fuga', '479.72', '01JMF24FBRTVE0WQN4JBTV6PN1.png', 212, '2025-02-19 12:25:51', '2025-02-19 12:25:51', 87, 1),
(199, 'Alexander Brekke', 'enim-minima-qui-repellendus-quis-cum', '542.68', '01JMF24FBRTVE0WQN4JBTV6PN1.png', 212, '2025-02-19 12:25:51', '2025-02-19 12:25:51', 40, 1),
(200, 'Mr. Mose Macejkovic DVM', 'et-est-exercitationem-officia-vitae-impedit', '346.84', '01JMF24FBRTVE0WQN4JBTV6PN1.png', 212, '2025-02-19 12:25:51', '2025-02-19 12:25:51', 97, 1),
(201, 'Rosalind Veum', 'omnis-iure-et-unde-amet-veritatis', '480.76', '01JMF24FBRTVE0WQN4JBTV6PN1.png', 212, '2025-02-19 12:25:51', '2025-02-19 12:25:51', 99, 1),
(202, 'Miss Janet Stracke', 'quia-nobis-et-est-amet', '31.00', '01JMF24FBRTVE0WQN4JBTV6PN1.png', 213, '2025-02-19 12:25:51', '2025-02-19 12:25:51', 40, 1),
(203, 'Halie Gulgowski', 'laborum-culpa-natus-ratione-magni-dignissimos', '959.72', '01JMF24FBRTVE0WQN4JBTV6PN1.png', 213, '2025-02-19 12:25:51', '2025-02-19 12:25:51', 61, 1),
(204, 'Dr. Tyson Rogahn Sr.', 'officiis-deserunt-totam-numquam-amet-dolores', '869.45', '01JMF24FBRTVE0WQN4JBTV6PN1.png', 213, '2025-02-19 12:25:51', '2025-02-19 12:25:51', 54, 1),
(205, 'Dusty Bernier', 'voluptas-impedit-at-quo', '631.09', '01JMF24FBRTVE0WQN4JBTV6PN1.png', 213, '2025-02-19 12:25:51', '2025-02-19 12:25:51', 30, 1),
(206, 'Dr. Ebba Labadie', 'laudantium-ipsum-eaque-commodi-blanditiis', '55.80', '01JMF24FBRTVE0WQN4JBTV6PN1.png', 213, '2025-02-19 12:25:51', '2025-02-19 12:25:51', 26, 1),
(207, 'Ms. Eulah Grimes Sr.', 'pariatur-molestiae-et-ut-quia-occaecati-id-natus', '527.98', '01JMF24FBRTVE0WQN4JBTV6PN1.png', 213, '2025-02-19 12:25:51', '2025-02-19 12:25:51', 33, 1),
(208, 'Dennis Zieme', 'minima-et-sunt-magnam-suscipit', '497.85', '01JMF24FBRTVE0WQN4JBTV6PN1.png', 213, '2025-02-19 12:25:51', '2025-02-19 12:25:51', 46, 1),
(209, 'Rachael McDermott', 'ex-suscipit-laborum-qui-asperiores', '260.22', '01JMF24FBRTVE0WQN4JBTV6PN1.png', 213, '2025-02-19 12:25:51', '2025-02-19 12:25:51', 31, 1),
(210, 'Prof. Jessie Connelly', 'expedita-nam-sed-dolore', '301.58', '01JMF24FBRTVE0WQN4JBTV6PN1.png', 213, '2025-02-19 12:25:51', '2025-02-19 12:25:51', 87, 1),
(211, 'Benjamin Hoppe', 'voluptate-dolor-magni-quisquam-eos-totam-nemo', '120.35', '01JMF24FBRTVE0WQN4JBTV6PN1.png', 213, '2025-02-19 12:25:51', '2025-02-19 12:25:51', 30, 1),
(212, 'Laverna Breitenberg', 'consequatur-id-iste-ipsa-voluptatibus-natus', '71.03', '01JMF24FBRTVE0WQN4JBTV6PN1.png', 213, '2025-02-19 12:25:51', '2025-02-19 12:25:51', 73, 1),
(213, 'Robyn Bashirian', 'aut-ea-eos-sequi-non-atque-earum-libero-dolor', '292.95', '01JMF24FBRTVE0WQN4JBTV6PN1.png', 213, '2025-02-19 12:25:51', '2025-02-19 12:25:51', 80, 1),
(214, 'Genesis Hamill', 'et-ut-eum-occaecati-impedit-magni-sed-laudantium', '165.88', '01JMF24FBRTVE0WQN4JBTV6PN1.png', 213, '2025-02-19 12:25:51', '2025-02-19 12:25:51', 39, 1),
(215, 'Thaddeus Ward', 'minima-a-quaerat-facere-dolore-pariatur-assumenda-amet', '542.20', '01JMF24FBRTVE0WQN4JBTV6PN1.png', 213, '2025-02-19 12:25:51', '2025-02-19 12:25:51', 71, 1),
(216, 'Dr. Verda Gaylord', 'fuga-qui-aut-dicta-ea-nostrum-molestiae-dolor', '922.47', '01JMF24FBRTVE0WQN4JBTV6PN1.png', 213, '2025-02-19 12:25:51', '2025-02-19 12:25:51', 59, 1),
(217, 'Chanel Kemmer', 'praesentium-ad-sed-est-quia-exercitationem', '867.56', '01JMF24FBRTVE0WQN4JBTV6PN1.png', 213, '2025-02-19 12:25:51', '2025-02-19 12:25:51', 9, 1),
(218, 'Prof. Erick Abernathy IV', 'qui-recusandae-molestiae-mollitia-molestiae-qui', '470.27', '01JMF24FBRTVE0WQN4JBTV6PN1.png', 213, '2025-02-19 12:25:51', '2025-02-19 12:25:51', 39, 1),
(219, 'Leora Breitenberg', 'quia-beatae-sed-doloremque-iste-ducimus-tempore', '70.35', '01JMF24FBRTVE0WQN4JBTV6PN1.png', 213, '2025-02-19 12:25:51', '2025-02-19 12:25:51', 14, 1),
(220, 'Eldridge Halvorson', 'facilis-voluptates-possimus-veniam-debitis-sunt-dolorum-velit-nihil', '82.59', '01JMF24FBRTVE0WQN4JBTV6PN1.png', 213, '2025-02-19 12:25:51', '2025-02-19 12:25:51', 46, 1),
(221, 'Prof. Dane Gibson', 'quia-cum-dolorem-consectetur-laborum-autem-dicta', '987.39', '01JMF24FBRTVE0WQN4JBTV6PN1.png', 213, '2025-02-19 12:25:51', '2025-02-19 12:25:51', 4, 1),
(222, 'Myron Beer', 'mollitia-reprehenderit-labore-quam-animi-non-corporis-sint', '254.85', '01JMF24FBRTVE0WQN4JBTV6PN1.png', 213, '2025-02-19 12:25:51', '2025-02-19 12:25:51', 58, 1),
(223, 'Prof. Jakob Batz', 'inventore-laborum-optio-sed-voluptatem', '70.74', '01JMF24FBRTVE0WQN4JBTV6PN1.png', 213, '2025-02-19 12:25:51', '2025-02-19 12:25:51', 85, 1),
(224, 'Maggie Fisher II', 'nostrum-eveniet-rerum-quod', '89.60', '01JMF24FBRTVE0WQN4JBTV6PN1.png', 213, '2025-02-19 12:25:51', '2025-02-19 12:25:51', 2, 1),
(225, 'Breanne Bogisich', 'ut-est-commodi-praesentium-est-voluptate-accusantium-nemo-consequatur', '250.70', '01JMF24FBRTVE0WQN4JBTV6PN1.png', 213, '2025-02-19 12:25:51', '2025-02-19 12:25:51', 65, 1),
(226, 'Moses Walsh', 'rerum-architecto-quia-dolor-rem-atque', '745.92', '01JMF24FBRTVE0WQN4JBTV6PN1.png', 213, '2025-02-19 12:25:51', '2025-02-19 12:25:51', 20, 1),
(227, 'Marian King', 'debitis-ut-non-mollitia-cum-saepe-fuga-ratione', '59.63', '01JMF24FBRTVE0WQN4JBTV6PN1.png', 214, '2025-02-19 12:25:51', '2025-02-19 12:25:51', 79, 1),
(228, 'Anabel Wilkinson', 'eos-eos-labore-odio-omnis-assumenda-quia-voluptates', '323.38', '01JMF24FBRTVE0WQN4JBTV6PN1.png', 214, '2025-02-19 12:25:51', '2025-02-19 12:25:51', 83, 1),
(229, 'Prof. Deanna Zemlak', 'rerum-nemo-dolorum-fugit-incidunt-est-dolore-ipsa', '132.29', '01JMF24FBRTVE0WQN4JBTV6PN1.png', 214, '2025-02-19 12:25:51', '2025-02-19 12:25:51', 49, 1),
(230, 'Ms. Jayda Welch', 'optio-magni-inventore-consectetur-debitis-fugiat', '788.43', '01JMF24FBRTVE0WQN4JBTV6PN1.png', 214, '2025-02-19 12:25:51', '2025-02-19 12:25:51', 72, 1),
(231, 'Xander Jakubowski V', 'ducimus-illum-dolor-et-tempora-illum-nesciunt', '825.20', '01JMF24FBRTVE0WQN4JBTV6PN1.png', 214, '2025-02-19 12:25:51', '2025-02-19 12:25:51', 81, 1),
(232, 'Kathryne Connelly', 'dolorum-expedita-mollitia-omnis-autem-quasi', '736.77', '01JMF24FBRTVE0WQN4JBTV6PN1.png', 214, '2025-02-19 12:25:51', '2025-02-19 12:25:51', 94, 1),
(233, 'Ursula Ryan', 'veritatis-non-dolore-culpa-eaque-optio-at', '297.58', '01JMF24FBRTVE0WQN4JBTV6PN1.png', 214, '2025-02-19 12:25:51', '2025-02-19 12:25:51', 56, 1),
(234, 'Ernestina Krajcik Sr.', 'voluptate-vitae-libero-doloribus-explicabo-cum', '973.81', '01JMF24FBRTVE0WQN4JBTV6PN1.png', 214, '2025-02-19 12:25:51', '2025-02-19 12:25:51', 0, 1),
(235, 'Prof. Gaston Boyle III', 'illo-accusamus-exercitationem-dolorem-omnis', '76.14', '01JMF24FBRTVE0WQN4JBTV6PN1.png', 214, '2025-02-19 12:25:51', '2025-02-19 12:25:51', 86, 1),
(236, 'Janelle Treutel', 'sunt-consequatur-repellendus-aut-voluptatem', '297.09', '01JMF24FBRTVE0WQN4JBTV6PN1.png', 214, '2025-02-19 12:25:51', '2025-02-19 12:25:51', 91, 1),
(237, 'Dominic Grant', 'nihil-ipsam-placeat-aut-voluptatibus-in-repellendus-quo-harum', '987.20', '01JMF24FBRTVE0WQN4JBTV6PN1.png', 214, '2025-02-19 12:25:51', '2025-02-19 12:25:51', 38, 1),
(238, 'Garrison Rolfson', 'rerum-architecto-autem-iste-error-distinctio', '133.20', '01JMF24FBRTVE0WQN4JBTV6PN1.png', 214, '2025-02-19 12:25:51', '2025-02-19 12:25:51', 89, 1),
(239, 'Ms. Electa Kling', 'voluptatum-ut-rem-blanditiis-animi-ut-explicabo', '497.82', '01JMF24FBRTVE0WQN4JBTV6PN1.png', 214, '2025-02-19 12:25:51', '2025-02-19 12:25:51', 40, 1),
(240, 'Concepcion McKenzie', 'laborum-ut-aut-at-enim-tempore-error', '14.53', '01JMF24FBRTVE0WQN4JBTV6PN1.png', 214, '2025-02-19 12:25:51', '2025-02-19 12:25:51', 87, 1),
(241, 'Noemie Okuneva V', 'architecto-odio-asperiores-ad-eaque', '878.67', '01JMF24FBRTVE0WQN4JBTV6PN1.png', 214, '2025-02-19 12:25:51', '2025-02-19 12:25:51', 13, 1),
(242, 'Isabella Bogan PhD', 'maiores-illo-vitae-corrupti-qui-rerum-et-architecto-et', '275.52', '01JMF24FBRTVE0WQN4JBTV6PN1.png', 214, '2025-02-19 12:25:51', '2025-02-19 12:25:51', 9, 1),
(243, 'Prof. Herman Goyette', 'nihil-rem-eveniet-voluptas-necessitatibus-nostrum-rerum', '116.56', '01JMF24FBRTVE0WQN4JBTV6PN1.png', 214, '2025-02-19 12:25:51', '2025-02-19 12:25:51', 0, 1),
(244, 'Tyra Mayer', 'corporis-velit-nostrum-deleniti-ut', '530.97', '01JMF24FBRTVE0WQN4JBTV6PN1.png', 214, '2025-02-19 12:25:51', '2025-02-19 12:25:51', 56, 1),
(245, 'George Hettinger', 'aut-similique-optio-et-velit-mollitia-molestias-provident', '742.09', '01JMF24FBRTVE0WQN4JBTV6PN1.png', 214, '2025-02-19 12:25:51', '2025-02-19 12:25:51', 8, 1),
(246, 'Vern Wiza', 'deleniti-molestias-voluptatem-ratione-iusto-consequatur-vitae-rerum-nihil', '82.31', '01JMF24FBRTVE0WQN4JBTV6PN1.png', 214, '2025-02-19 12:25:51', '2025-02-19 12:25:51', 96, 1),
(247, 'Prof. Astrid Gleichner DDS', 'facere-eum-vero-repellat-quia-fugit', '449.20', '01JMF24FBRTVE0WQN4JBTV6PN1.png', 214, '2025-02-19 12:25:51', '2025-02-19 12:25:51', 3, 1),
(248, 'Syble Armstrong', 'consectetur-voluptas-modi-eius-et-et-laborum', '124.60', '01JMF24FBRTVE0WQN4JBTV6PN1.png', 214, '2025-02-19 12:25:51', '2025-02-19 12:25:51', 42, 1),
(249, 'Treva Towne', 'exercitationem-voluptates-ipsam-velit-doloremque-reiciendis', '421.76', '01JMF24FBRTVE0WQN4JBTV6PN1.png', 214, '2025-02-19 12:25:51', '2025-02-19 12:25:51', 48, 1),
(250, 'Mr. Keeley Bradtke Jr.', 'quibusdam-dolore-sunt-dolore-ullam-voluptatem-rerum-numquam', '933.87', '01JMF24FBRTVE0WQN4JBTV6PN1.png', 214, '2025-02-19 12:25:51', '2025-02-19 12:25:51', 40, 1),
(251, 'Geovanni Macejkovic MD', 'qui-illo-modi-placeat-atque-est-distinctio-pariatur', '373.31', '01JMF24FBRTVE0WQN4JBTV6PN1.png', 214, '2025-02-19 12:25:51', '2025-02-19 12:25:51', 47, 1),
(252, 'Prof. Dee Moen PhD', 'tempore-reiciendis-temporibus-esse-aut', '428.89', '01JMF24FBRTVE0WQN4JBTV6PN1.png', 215, '2025-02-19 12:25:51', '2025-02-19 12:25:51', 72, 1),
(253, 'Marco Williamson', 'quis-aut-magni-sequi-quos-similique-accusamus-asperiores', '154.79', '01JMF24FBRTVE0WQN4JBTV6PN1.png', 215, '2025-02-19 12:25:51', '2025-02-19 12:25:51', 83, 1),
(254, 'Lera Bergnaum', 'distinctio-perferendis-est-optio-minus-ab', '419.80', '01JMF24FBRTVE0WQN4JBTV6PN1.png', 215, '2025-02-19 12:25:51', '2025-02-19 12:25:51', 41, 1),
(255, 'Isabell Walker', 'architecto-necessitatibus-architecto-similique-dicta-et-ducimus', '572.16', '01JMF24FBRTVE0WQN4JBTV6PN1.png', 215, '2025-02-19 12:25:51', '2025-02-19 12:25:51', 93, 1),
(256, 'Deborah Wintheiser', 'sed-ea-id-sit-facere-rerum-voluptatem', '751.10', '01JMF24FBRTVE0WQN4JBTV6PN1.png', 215, '2025-02-19 12:25:51', '2025-02-19 12:25:51', 79, 1),
(257, 'Adelbert Pacocha', 'nihil-et-quae-nihil-quos', '963.89', '01JMF24FBRTVE0WQN4JBTV6PN1.png', 215, '2025-02-19 12:25:51', '2025-02-19 12:25:51', 29, 1),
(258, 'Rowland Prosacco', 'itaque-totam-expedita-aut-assumenda', '318.40', '01JMF24FBRTVE0WQN4JBTV6PN1.png', 215, '2025-02-19 12:25:51', '2025-02-19 12:25:51', 92, 1),
(259, 'Keeley Nienow', 'aut-corporis-a-labore-dolorem-illo-sed-aspernatur-labore', '934.81', '01JMF24FBRTVE0WQN4JBTV6PN1.png', 215, '2025-02-19 12:25:51', '2025-02-19 12:25:51', 18, 1),
(260, 'Cassidy Aufderhar', 'enim-ea-ea-rerum-voluptatum', '630.14', '01JMF24FBRTVE0WQN4JBTV6PN1.png', 215, '2025-02-19 12:25:51', '2025-02-19 12:25:51', 73, 1),
(261, 'Ms. Billie Hand', 'ad-enim-tempore-amet-ut', '756.41', '01JMF24FBRTVE0WQN4JBTV6PN1.png', 215, '2025-02-19 12:25:51', '2025-02-19 12:25:51', 82, 1),
(262, 'Lyric Hackett', 'est-nam-temporibus-voluptatem-exercitationem-saepe', '223.68', '01JMF24FBRTVE0WQN4JBTV6PN1.png', 215, '2025-02-19 12:25:51', '2025-02-19 12:25:51', 83, 1),
(263, 'Kyleigh Nolan', 'dignissimos-aliquam-est-incidunt-qui', '716.69', '01JMF24FBRTVE0WQN4JBTV6PN1.png', 215, '2025-02-19 12:25:51', '2025-02-19 12:25:51', 61, 1),
(264, 'Jody Keeling', 'non-vel-vitae-omnis-quia-consequatur-dolores-consequuntur', '514.23', '01JMF24FBRTVE0WQN4JBTV6PN1.png', 215, '2025-02-19 12:25:51', '2025-02-19 12:25:51', 74, 1),
(265, 'Dr. Floy Casper', 'et-id-delectus-accusantium-iste-alias', '52.48', '01JMF24FBRTVE0WQN4JBTV6PN1.png', 215, '2025-02-19 12:25:51', '2025-02-19 12:25:51', 65, 1),
(266, 'Ms. Della Stroman PhD', 'eveniet-at-officia-et-fugiat-saepe', '977.90', '01JMF24FBRTVE0WQN4JBTV6PN1.png', 215, '2025-02-19 12:25:51', '2025-02-19 12:25:51', 23, 1),
(267, 'Whitney Okuneva', 'ipsam-alias-voluptatum-ut-qui', '319.63', '01JMF24FBRTVE0WQN4JBTV6PN1.png', 215, '2025-02-19 12:25:51', '2025-02-19 12:25:51', 58, 1),
(268, 'Cassie Quigley', 'est-velit-voluptatem-tenetur-fugit-pariatur-qui', '488.72', '01JMF24FBRTVE0WQN4JBTV6PN1.png', 215, '2025-02-19 12:25:51', '2025-02-19 12:25:51', 3, 1),
(269, 'May Kutch', 'voluptatem-temporibus-ea-iusto-aut', '136.69', '01JMF24FBRTVE0WQN4JBTV6PN1.png', 215, '2025-02-19 12:25:51', '2025-02-19 12:25:51', 55, 1),
(270, 'Griffin Jacobi', 'modi-consequatur-saepe-ratione-maxime', '923.21', '01JMF24FBRTVE0WQN4JBTV6PN1.png', 215, '2025-02-19 12:25:51', '2025-02-19 12:25:51', 7, 1),
(271, 'Maryjane Harris', 'quidem-doloribus-labore-ullam-laborum', '778.96', '01JMF24FBRTVE0WQN4JBTV6PN1.png', 215, '2025-02-19 12:25:51', '2025-02-19 12:25:51', 89, 1),
(272, 'Frederik Littel IV', 'neque-quam-quas-aut-nemo-sit-nostrum', '270.72', '01JMF24FBRTVE0WQN4JBTV6PN1.png', 215, '2025-02-19 12:25:51', '2025-02-19 12:25:51', 32, 1),
(273, 'Andreane Welch PhD', 'cumque-rerum-hic-molestiae', '576.95', '01JMF24FBRTVE0WQN4JBTV6PN1.png', 215, '2025-02-19 12:25:51', '2025-02-19 12:25:51', 12, 1),
(274, 'Abagail Funk', 'asperiores-quia-rem-sit-voluptas-commodi-cupiditate-nihil-molestiae', '251.59', '01JMF24FBRTVE0WQN4JBTV6PN1.png', 215, '2025-02-19 12:25:51', '2025-02-19 12:25:51', 50, 1),
(275, 'Danyka Collier', 'veritatis-et-maxime-doloribus-culpa-impedit', '721.55', '01JMF24FBRTVE0WQN4JBTV6PN1.png', 215, '2025-02-19 12:25:51', '2025-02-19 12:25:51', 4, 1),
(276, 'Dr. Jean Hammes', 'quod-rerum-quos-est-et', '763.63', '01JMF24FBRTVE0WQN4JBTV6PN1.png', 215, '2025-02-19 12:25:51', '2025-02-19 12:25:51', 70, 1),
(277, 'Lenna Ward V', 'laborum-ipsa-ullam-omnis-molestiae-itaque', '257.69', '01JMF24FBRTVE0WQN4JBTV6PN1.png', 216, '2025-02-19 12:25:51', '2025-02-19 12:25:51', 67, 1),
(278, 'Oral Bradtke', 'et-corporis-qui-reprehenderit-et', '350.28', '01JMF24FBRTVE0WQN4JBTV6PN1.png', 216, '2025-02-19 12:25:51', '2025-02-19 12:25:51', 17, 1),
(279, 'Angelina Bartell', 'itaque-sed-nemo-eos-quidem', '415.85', '01JMF24FBRTVE0WQN4JBTV6PN1.png', 216, '2025-02-19 12:25:51', '2025-02-19 12:25:51', 1, 1),
(280, 'Keaton Rath Sr.', 'veniam-labore-recusandae-sequi-sequi-incidunt-et-dolor', '48.95', '01JMF24FBRTVE0WQN4JBTV6PN1.png', 216, '2025-02-19 12:25:51', '2025-02-19 12:25:51', 34, 1),
(281, 'Zion Purdy', 'ab-qui-quod-omnis-sunt', '136.28', '01JMF24FBRTVE0WQN4JBTV6PN1.png', 216, '2025-02-19 12:25:51', '2025-02-19 12:25:51', 49, 1),
(282, 'Bobbie Harris', 'et-voluptas-minus-numquam-est-tempora-et-adipisci', '91.10', '01JMF24FBRTVE0WQN4JBTV6PN1.png', 216, '2025-02-19 12:25:51', '2025-02-19 12:25:51', 88, 1),
(283, 'Lavern Swift', 'tenetur-odit-quaerat-deleniti-neque-vitae-soluta-exercitationem', '610.65', '01JMF24FBRTVE0WQN4JBTV6PN1.png', 216, '2025-02-19 12:25:51', '2025-02-19 12:25:51', 14, 1),
(284, 'Dr. Delaney Nienow', 'modi-quia-beatae-assumenda-molestias-unde-itaque', '387.68', '01JMF24FBRTVE0WQN4JBTV6PN1.png', 216, '2025-02-19 12:25:51', '2025-02-19 12:25:51', 94, 1),
(285, 'Genoveva Yundt', 'qui-alias-doloribus-recusandae-est-fugit', '339.94', '01JMF24FBRTVE0WQN4JBTV6PN1.png', 216, '2025-02-19 12:25:51', '2025-02-19 12:25:51', 74, 1),
(286, 'Dr. Cora Howe MD', 'aut-corrupti-architecto-odit-dolorum-cum-est-ipsa', '827.06', '01JMF24FBRTVE0WQN4JBTV6PN1.png', 216, '2025-02-19 12:25:51', '2025-02-19 12:25:51', 40, 1),
(287, 'Peggie Lynch', 'excepturi-doloremque-in-repellat-eum', '913.63', '01JMF24FBRTVE0WQN4JBTV6PN1.png', 216, '2025-02-19 12:25:51', '2025-02-19 12:25:51', 37, 1);
INSERT INTO `products` (`id`, `name`, `slug`, `price`, `image`, `category_id`, `created_at`, `updated_at`, `sold`, `is_stock`) VALUES
(288, 'Prof. Mitchell Little', 'quia-harum-itaque-inventore-eos', '368.61', '01JMF24FBRTVE0WQN4JBTV6PN1.png', 216, '2025-02-19 12:25:51', '2025-02-19 12:25:51', 17, 1),
(289, 'Lenna Kautzer', 'voluptate-placeat-accusamus-reiciendis-in', '36.81', '01JMF24FBRTVE0WQN4JBTV6PN1.png', 216, '2025-02-19 12:25:51', '2025-02-19 12:25:51', 8, 1),
(290, 'Shaylee Bartell', 'non-quae-ut-beatae', '893.10', '01JMF24FBRTVE0WQN4JBTV6PN1.png', 216, '2025-02-19 12:25:51', '2025-02-19 12:25:51', 19, 1),
(291, 'Wilhelmine Fay', 'qui-qui-dicta-illo-qui-aspernatur-accusamus', '874.46', '01JMF24FBRTVE0WQN4JBTV6PN1.png', 216, '2025-02-19 12:25:51', '2025-02-19 12:25:51', 27, 1),
(292, 'Micheal Cassin', 'eos-quisquam-sit-omnis-quos', '37.94', '01JMF24FBRTVE0WQN4JBTV6PN1.png', 216, '2025-02-19 12:25:51', '2025-02-19 12:25:51', 40, 1),
(293, 'Veda Zieme', 'beatae-temporibus-quam-quasi-deleniti-nisi-repellat-et', '503.02', '01JMF24FBRTVE0WQN4JBTV6PN1.png', 216, '2025-02-19 12:25:51', '2025-02-19 12:25:51', 23, 1),
(294, 'Blair Roberts', 'ad-eius-expedita-vel-voluptatum', '321.92', '01JMF24FBRTVE0WQN4JBTV6PN1.png', 216, '2025-02-19 12:25:51', '2025-02-19 12:25:51', 1, 1),
(295, 'Mr. Trent Hamill', 'ex-ad-culpa-qui-qui', '190.78', '01JMF24FBRTVE0WQN4JBTV6PN1.png', 216, '2025-02-19 12:25:51', '2025-02-19 12:25:51', 53, 1),
(296, 'Susie Gusikowski', 'quis-quas-beatae-odio', '297.28', '01JMF24FBRTVE0WQN4JBTV6PN1.png', 216, '2025-02-19 12:25:51', '2025-02-19 12:25:51', 11, 1),
(297, 'Prof. Georgette Bergnaum', 'tempore-ut-qui-in-sint-et-natus', '445.84', '01JMF24FBRTVE0WQN4JBTV6PN1.png', 216, '2025-02-19 12:25:51', '2025-02-19 12:25:51', 79, 1),
(298, 'Tyree Rowe', 'voluptatem-molestias-assumenda-aut-omnis-praesentium', '710.16', '01JMF24FBRTVE0WQN4JBTV6PN1.png', 216, '2025-02-19 12:25:51', '2025-02-19 12:25:51', 62, 1),
(299, 'Prof. Vena Kuvalis Sr.', 'quasi-qui-reprehenderit-aut', '517.77', '01JMF24FBRTVE0WQN4JBTV6PN1.png', 216, '2025-02-19 12:25:51', '2025-02-19 12:25:51', 70, 1),
(300, 'Telly Walker', 'debitis-ut-et-nulla-veniam-modi-doloribus-cumque-dolor', '312.21', '01JMF24FBRTVE0WQN4JBTV6PN1.png', 216, '2025-02-19 12:25:51', '2025-02-19 12:25:51', 90, 1),
(301, 'Dr. Davonte Adams DDS', 'tenetur-dolor-et-qui-laudantium-ratione-ipsam-ipsa-ipsum', '60.53', '01JMF24FBRTVE0WQN4JBTV6PN1.png', 216, '2025-02-19 12:25:51', '2025-02-19 12:25:51', 63, 1),
(302, 'Frieda Walker', 'qui-totam-itaque-totam-ut-suscipit-dicta', '388.96', '01JMF24FBRTVE0WQN4JBTV6PN1.png', 217, '2025-02-19 12:25:51', '2025-02-19 12:25:51', 29, 1),
(303, 'Aric Daugherty', 'officia-ipsa-et-tenetur-a-nulla-doloribus-repellat-magnam', '282.46', '01JMF24FBRTVE0WQN4JBTV6PN1.png', 217, '2025-02-19 12:25:51', '2025-02-19 12:25:51', 88, 1),
(304, 'Abbigail Denesik I', 'illo-quas-tenetur-voluptatum-cumque', '674.25', '01JMF24FBRTVE0WQN4JBTV6PN1.png', 217, '2025-02-19 12:25:51', '2025-02-19 12:25:51', 63, 1),
(305, 'Wallace Kertzmann', 'qui-aut-quia-deleniti-eos-vero', '67.87', '01JMF24FBRTVE0WQN4JBTV6PN1.png', 217, '2025-02-19 12:25:51', '2025-02-19 12:25:51', 75, 1),
(306, 'Sincere Rutherford DVM', 'dolores-adipisci-et-explicabo', '737.74', '01JMF24FBRTVE0WQN4JBTV6PN1.png', 217, '2025-02-19 12:25:51', '2025-02-19 12:25:51', 86, 1),
(307, 'Mylene Smitham', 'itaque-dolores-sed-nemo-blanditiis', '870.09', '01JMF24FBRTVE0WQN4JBTV6PN1.png', 217, '2025-02-19 12:25:51', '2025-02-19 12:25:51', 81, 1),
(308, 'Mr. Keagan Rosenbaum DDS', 'rerum-unde-voluptas-voluptatem-vel-ab-eos', '295.53', '01JMF24FBRTVE0WQN4JBTV6PN1.png', 217, '2025-02-19 12:25:51', '2025-02-19 12:25:51', 68, 1),
(309, 'Dr. Eula Goyette III', 'consequuntur-quia-voluptas-eum-commodi-in-at', '266.08', '01JMF24FBRTVE0WQN4JBTV6PN1.png', 217, '2025-02-19 12:25:51', '2025-02-19 12:25:51', 83, 1),
(310, 'Hank Nienow', 'dolores-minus-et-aperiam-minus-ex-molestiae', '867.68', '01JMF24FBRTVE0WQN4JBTV6PN1.png', 217, '2025-02-19 12:25:51', '2025-02-19 12:25:51', 86, 1),
(311, 'Miss Lempi Reinger', 'odio-non-nisi-nisi-possimus-hic-necessitatibus-aut', '184.54', '01JMF24FBRTVE0WQN4JBTV6PN1.png', 217, '2025-02-19 12:25:51', '2025-02-19 12:25:51', 53, 1),
(312, 'Justen Prohaska', 'sapiente-qui-et-laborum', '124.09', '01JMF24FBRTVE0WQN4JBTV6PN1.png', 217, '2025-02-19 12:25:51', '2025-02-19 12:25:51', 94, 1),
(313, 'Cali Lemke', 'ea-quas-mollitia-at-perspiciatis-cupiditate-quae-facilis', '894.61', '01JMF24FBRTVE0WQN4JBTV6PN1.png', 217, '2025-02-19 12:25:51', '2025-02-19 12:25:51', 28, 1),
(314, 'Imogene Reynolds', 'rerum-ullam-adipisci-ea-dolorem', '944.07', '01JMF24FBRTVE0WQN4JBTV6PN1.png', 217, '2025-02-19 12:25:51', '2025-02-19 12:25:51', 31, 1),
(315, 'Henri Olson', 'earum-occaecati-officiis-soluta-et-nulla-asperiores-odio', '62.88', '01JMF24FBRTVE0WQN4JBTV6PN1.png', 217, '2025-02-19 12:25:51', '2025-02-19 12:25:51', 97, 1),
(316, 'Daniela Krajcik II', 'voluptatem-omnis-officia-maxime-illum-sunt', '279.84', '01JMF24FBRTVE0WQN4JBTV6PN1.png', 217, '2025-02-19 12:25:51', '2025-02-19 12:25:51', 42, 1),
(317, 'Shaun Bartell', 'quas-deserunt-tempore-ipsam-quis-eos-debitis-accusantium', '706.16', '01JMF24FBRTVE0WQN4JBTV6PN1.png', 217, '2025-02-19 12:25:51', '2025-02-19 12:25:51', 84, 1),
(318, 'Alexandrea White', 'sit-in-eos-perspiciatis-et', '226.31', '01JMF24FBRTVE0WQN4JBTV6PN1.png', 217, '2025-02-19 12:25:51', '2025-02-19 12:25:51', 41, 1),
(319, 'Garfield Russel', 'saepe-blanditiis-quo-vitae-natus', '356.97', '01JMF24FBRTVE0WQN4JBTV6PN1.png', 217, '2025-02-19 12:25:51', '2025-02-19 12:25:51', 69, 1),
(320, 'Jerod Ritchie', 'asperiores-culpa-sint-voluptas-ipsum-eos', '735.05', '01JMF24FBRTVE0WQN4JBTV6PN1.png', 217, '2025-02-19 12:25:51', '2025-02-19 12:25:51', 71, 1),
(321, 'Mr. Graham Kub Jr.', 'libero-suscipit-ut-placeat-numquam-facere-suscipit-hic', '586.93', '01JMF24FBRTVE0WQN4JBTV6PN1.png', 217, '2025-02-19 12:25:51', '2025-02-19 12:25:51', 74, 1),
(322, 'Corrine Kiehn', 'aut-modi-asperiores-rerum-cumque-nemo', '629.43', '01JMF24FBRTVE0WQN4JBTV6PN1.png', 217, '2025-02-19 12:25:51', '2025-02-19 12:25:51', 2, 1),
(323, 'Brennan Kuphal', 'ipsam-distinctio-non-quia-non', '158.13', '01JMF24FBRTVE0WQN4JBTV6PN1.png', 217, '2025-02-19 12:25:51', '2025-02-19 12:25:51', 19, 1),
(324, 'Mrs. Tia Oberbrunner', 'hic-iste-excepturi-deserunt', '864.20', '01JMF24FBRTVE0WQN4JBTV6PN1.png', 217, '2025-02-19 12:25:51', '2025-02-19 12:25:51', 45, 1),
(325, 'Laurie Torp', 'rem-quisquam-voluptatem-tenetur-iusto-aut-sequi-vero', '657.89', '01JMF24FBRTVE0WQN4JBTV6PN1.png', 217, '2025-02-19 12:25:51', '2025-02-19 12:25:51', 66, 1),
(326, 'Lilyan Rosenbaum', 'corrupti-ea-in-sint', '861.97', '01JMF24FBRTVE0WQN4JBTV6PN1.png', 217, '2025-02-19 12:25:51', '2025-02-19 12:25:51', 31, 1),
(327, 'Etha O\'Keefe', 'et-consequatur-explicabo-eum-incidunt-perferendis', '933.50', '01JMF24FBRTVE0WQN4JBTV6PN1.png', 218, '2025-02-19 12:25:51', '2025-02-19 12:25:51', 21, 1),
(328, 'Lori Bernier V', 'quidem-dolorum-rerum-id-suscipit', '382.55', '01JMF24FBRTVE0WQN4JBTV6PN1.png', 218, '2025-02-19 12:25:51', '2025-02-19 12:25:51', 14, 1),
(329, 'Ivah Wunsch', 'fuga-id-tenetur-nam-quo-sed-qui-quae-et', '814.92', '01JMF24FBRTVE0WQN4JBTV6PN1.png', 218, '2025-02-19 12:25:51', '2025-02-19 12:25:51', 86, 1),
(330, 'Mrs. Magali Legros', 'ex-animi-id-nulla-vitae-aut-illo', '68.75', '01JMF24FBRTVE0WQN4JBTV6PN1.png', 218, '2025-02-19 12:25:51', '2025-02-19 12:25:51', 62, 1),
(331, 'Clemmie Stroman', 'aperiam-provident-excepturi-non-itaque-molestias-veniam-eaque', '15.24', '01JMF24FBRTVE0WQN4JBTV6PN1.png', 218, '2025-02-19 12:25:51', '2025-02-19 12:25:51', 21, 1),
(332, 'Ms. Daphnee Grimes II', 'modi-et-tenetur-maxime-error', '35.10', '01JMF24FBRTVE0WQN4JBTV6PN1.png', 218, '2025-02-19 12:25:51', '2025-02-19 12:25:51', 61, 1),
(333, 'Fredrick Frami', 'vitae-odio-quaerat-eos-alias-nam', '587.32', '01JMF24FBRTVE0WQN4JBTV6PN1.png', 218, '2025-02-19 12:25:51', '2025-02-19 12:25:51', 73, 1),
(334, 'Sheldon Stark V', 'similique-quam-provident-veniam-qui-dignissimos', '23.75', '01JMF24FBRTVE0WQN4JBTV6PN1.png', 218, '2025-02-19 12:25:51', '2025-02-19 12:25:51', 62, 1),
(335, 'Dylan Grimes', 'rerum-dolorem-eos-ut-libero-atque-rerum', '246.37', '01JMF24FBRTVE0WQN4JBTV6PN1.png', 218, '2025-02-19 12:25:51', '2025-02-19 12:25:51', 91, 1),
(336, 'Rosetta Buckridge', 'aliquid-iure-omnis-dolores', '97.88', '01JMF24FBRTVE0WQN4JBTV6PN1.png', 218, '2025-02-19 12:25:51', '2025-02-19 12:25:51', 26, 1),
(337, 'Unique Muller', 'qui-et-eos-natus-et-voluptatem-quo-fugit', '36.43', '01JMF24FBRTVE0WQN4JBTV6PN1.png', 218, '2025-02-19 12:25:51', '2025-02-19 12:25:51', 81, 1),
(338, 'Ms. Vickie Lebsack III', 'sunt-ducimus-eius-molestiae-expedita-nesciunt-eum-numquam', '551.68', '01JMF24FBRTVE0WQN4JBTV6PN1.png', 218, '2025-02-19 12:25:51', '2025-02-19 12:25:51', 11, 1),
(339, 'Blanca Kirlin', 'aut-quo-qui-qui-minima-at-non', '859.03', '01JMF24FBRTVE0WQN4JBTV6PN1.png', 218, '2025-02-19 12:25:51', '2025-02-19 12:25:51', 61, 1),
(340, 'Ericka Graham', 'exercitationem-officia-ab-dolore-quis-accusamus-consequatur', '245.10', '01JMF24FBRTVE0WQN4JBTV6PN1.png', 218, '2025-02-19 12:25:51', '2025-02-19 12:25:51', 70, 1),
(341, 'Jameson Padberg IV', 'iure-quis-nulla-debitis-et-et', '931.30', '01JMF24FBRTVE0WQN4JBTV6PN1.png', 218, '2025-02-19 12:25:51', '2025-02-19 12:25:51', 41, 1),
(342, 'Guillermo Bruen', 'aut-quae-voluptatibus-non', '661.37', '01JMF24FBRTVE0WQN4JBTV6PN1.png', 218, '2025-02-19 12:25:51', '2025-02-19 12:25:51', 0, 1),
(343, 'Dr. Rod Erdman', 'ex-ut-nihil-repellat-voluptas-unde-vitae-porro', '540.64', '01JMF24FBRTVE0WQN4JBTV6PN1.png', 218, '2025-02-19 12:25:51', '2025-02-19 12:25:51', 52, 1),
(344, 'Mr. Bertrand Rutherford II', 'ut-perspiciatis-nesciunt-eius-autem-velit', '192.88', '01JMF24FBRTVE0WQN4JBTV6PN1.png', 218, '2025-02-19 12:25:51', '2025-02-19 12:25:51', 39, 1),
(345, 'Mr. Lenny Bashirian DVM', 'vel-reiciendis-vel-aut-sed-placeat-est-nam', '197.31', '01JMF24FBRTVE0WQN4JBTV6PN1.png', 218, '2025-02-19 12:25:51', '2025-02-19 12:25:51', 77, 1),
(346, 'Dr. Jeffrey Franecki IV', 'fugiat-cupiditate-molestiae-animi-est-asperiores-culpa-ea', '341.65', '01JMF24FBRTVE0WQN4JBTV6PN1.png', 218, '2025-02-19 12:25:51', '2025-02-19 12:25:51', 66, 1),
(347, 'Amy Sporer', 'velit-reiciendis-voluptatem-non', '368.15', '01JMF24FBRTVE0WQN4JBTV6PN1.png', 218, '2025-02-19 12:25:51', '2025-02-19 12:25:51', 93, 1),
(348, 'Ernestine Sanford Sr.', 'error-optio-quaerat-et-vel-et-facere', '272.12', '01JMF24FBRTVE0WQN4JBTV6PN1.png', 218, '2025-02-19 12:25:51', '2025-02-19 12:25:51', 64, 1),
(349, 'Ulises Kshlerin', 'quisquam-ut-deserunt-beatae-ex-voluptas-ad', '580.53', '01JMF24FBRTVE0WQN4JBTV6PN1.png', 218, '2025-02-19 12:25:51', '2025-02-19 12:25:51', 64, 1),
(350, 'Prof. Cole Hills', 'debitis-neque-error-molestias-et', '835.68', '01JMF24FBRTVE0WQN4JBTV6PN1.png', 218, '2025-02-19 12:25:51', '2025-02-19 12:25:51', 61, 1),
(351, 'Marisa Kirlin', 'deleniti-perferendis-adipisci-sit-eveniet-quam-nulla-omnis', '786.10', '01JMF24FBRTVE0WQN4JBTV6PN1.png', 218, '2025-02-19 12:25:51', '2025-02-19 12:25:51', 7, 1),
(352, 'Jayce Stanton', 'numquam-aperiam-iusto-dolor-et-eligendi', '247.21', '01JMF24FBRTVE0WQN4JBTV6PN1.png', 219, '2025-02-19 12:25:51', '2025-02-19 12:25:51', 27, 1),
(353, 'Kathryn Marquardt', 'aliquid-quia-laboriosam-repellendus-modi-eius-consequatur-modi', '483.46', '01JMF24FBRTVE0WQN4JBTV6PN1.png', 219, '2025-02-19 12:25:51', '2025-02-19 12:25:51', 51, 1),
(354, 'Prof. Elva Bernier IV', 'fugiat-dolor-cumque-incidunt-nihil-quis-deleniti-possimus', '514.06', '01JMF24FBRTVE0WQN4JBTV6PN1.png', 219, '2025-02-19 12:25:51', '2025-02-19 12:25:51', 30, 1),
(355, 'Prof. Fausto Goodwin I', 'quam-quam-aut-sed-voluptas', '768.81', '01JMF24FBRTVE0WQN4JBTV6PN1.png', 219, '2025-02-19 12:25:51', '2025-02-19 12:25:51', 75, 1),
(356, 'Dale Dietrich', 'impedit-ex-ut-eaque-aperiam', '299.82', '01JMF24FBRTVE0WQN4JBTV6PN1.png', 219, '2025-02-19 12:25:51', '2025-02-19 12:25:51', 53, 1),
(357, 'Helga Schmidt', 'amet-et-officiis-est-velit-aut', '334.08', '01JMF24FBRTVE0WQN4JBTV6PN1.png', 219, '2025-02-19 12:25:51', '2025-02-19 12:25:51', 40, 1),
(358, 'Nannie Ziemann', 'veniam-optio-in-quas-vel', '566.33', '01JMF24FBRTVE0WQN4JBTV6PN1.png', 219, '2025-02-19 12:25:51', '2025-02-19 12:25:51', 47, 1),
(359, 'Jarod Davis', 'dolore-vel-amet-omnis-quia-iste-voluptas', '924.79', '01JMF24FBRTVE0WQN4JBTV6PN1.png', 219, '2025-02-19 12:25:51', '2025-02-19 12:25:51', 96, 1),
(360, 'Corine Kuhic', 'accusamus-in-vitae-sit', '17.49', '01JMF24FBRTVE0WQN4JBTV6PN1.png', 219, '2025-02-19 12:25:51', '2025-02-19 12:25:51', 92, 1),
(361, 'Mr. Eliezer Roberts PhD', 'quam-ipsa-omnis-quibusdam-non', '556.71', '01JMF24FBRTVE0WQN4JBTV6PN1.png', 219, '2025-02-19 12:25:51', '2025-02-19 12:25:51', 26, 1),
(362, 'Russ Watsica DDS', 'distinctio-voluptates-placeat-est-tempora-accusamus-soluta-itaque-vitae', '393.08', '01JMF24FBRTVE0WQN4JBTV6PN1.png', 219, '2025-02-19 12:25:51', '2025-02-19 12:25:51', 45, 1),
(363, 'Fausto Mraz', 'eos-adipisci-et-sed-temporibus-enim-tempore', '697.71', '01JMF24FBRTVE0WQN4JBTV6PN1.png', 219, '2025-02-19 12:25:51', '2025-02-19 12:25:51', 82, 1),
(364, 'Gabrielle Kohler', 'molestiae-reiciendis-qui-sed-totam-quia-commodi-vitae-possimus', '289.56', '01JMF24FBRTVE0WQN4JBTV6PN1.png', 219, '2025-02-19 12:25:51', '2025-02-19 12:25:51', 93, 1),
(365, 'Adell Haley', 'accusamus-qui-sit-explicabo-dolore-dolor-eligendi-voluptas', '119.91', '01JMF24FBRTVE0WQN4JBTV6PN1.png', 219, '2025-02-19 12:25:51', '2025-02-19 12:25:51', 34, 1),
(366, 'Ms. Suzanne Schinner II', 'voluptatem-ut-itaque-quaerat-ut', '718.22', '01JMF24FBRTVE0WQN4JBTV6PN1.png', 219, '2025-02-19 12:25:51', '2025-02-19 12:25:51', 2, 1),
(367, 'Dr. Suzanne Rogahn', 'cupiditate-sapiente-quisquam-ea-non-fuga-qui', '272.03', '01JMF24FBRTVE0WQN4JBTV6PN1.png', 219, '2025-02-19 12:25:51', '2025-02-19 12:25:51', 77, 1),
(368, 'Ms. Josianne Funk PhD', 'quis-recusandae-ducimus-enim-nobis', '275.28', '01JMF24FBRTVE0WQN4JBTV6PN1.png', 219, '2025-02-19 12:25:51', '2025-02-19 12:25:51', 40, 1),
(369, 'Carley Hamill', 'numquam-consequatur-corrupti-omnis-possimus-sapiente', '817.38', '01JMF24FBRTVE0WQN4JBTV6PN1.png', 219, '2025-02-19 12:25:51', '2025-02-19 12:25:51', 32, 1),
(370, 'Prof. Neha Rempel II', 'voluptas-eaque-eum-sunt-iste-voluptatem-in', '870.70', '01JMF24FBRTVE0WQN4JBTV6PN1.png', 219, '2025-02-19 12:25:51', '2025-02-19 12:25:51', 56, 1),
(371, 'Alexane Howell', 'harum-tenetur-quaerat-alias-at-ex-eaque', '44.10', '01JMF24FBRTVE0WQN4JBTV6PN1.png', 219, '2025-02-19 12:25:51', '2025-02-19 12:25:51', 16, 1),
(372, 'Mrs. Lizzie Welch', 'magni-qui-officia-aperiam-omnis-molestiae-blanditiis-excepturi', '489.07', '01JMF24FBRTVE0WQN4JBTV6PN1.png', 219, '2025-02-19 12:25:51', '2025-02-19 12:25:51', 67, 1),
(373, 'Prof. Keyshawn Mayer', 'fugiat-ullam-voluptatem-vel-maiores-impedit', '266.87', '01JMF24FBRTVE0WQN4JBTV6PN1.png', 219, '2025-02-19 12:25:51', '2025-02-19 12:25:51', 43, 1),
(374, 'Amiya Ankunding', 'quia-illum-earum-quibusdam-cumque-dolorem', '362.71', '01JMF24FBRTVE0WQN4JBTV6PN1.png', 219, '2025-02-19 12:25:51', '2025-02-19 12:25:51', 44, 1),
(375, 'Blaise Considine', 'est-labore-laboriosam-exercitationem', '563.04', '01JMF24FBRTVE0WQN4JBTV6PN1.png', 219, '2025-02-19 12:25:51', '2025-02-19 12:25:51', 77, 1),
(376, 'Alden Ernser DVM', 'pariatur-quisquam-necessitatibus-odit-facilis-quis', '541.24', '01JMF24FBRTVE0WQN4JBTV6PN1.png', 219, '2025-02-19 12:25:51', '2025-02-19 12:25:51', 18, 1),
(377, 'Dr. Kiel Raynor Jr.', 'odit-consequatur-magnam-excepturi-neque-quis-nesciunt', '411.87', '01JMF24FBRTVE0WQN4JBTV6PN1.png', 220, '2025-02-19 12:25:51', '2025-02-19 12:25:51', 58, 1),
(378, 'Prof. King Braun III', 'ut-in-alias-culpa-consequuntur-rem-quia', '200.47', '01JMF24FBRTVE0WQN4JBTV6PN1.png', 220, '2025-02-19 12:25:51', '2025-02-19 12:25:51', 93, 1),
(379, 'Marlin McDermott', 'similique-dolor-porro-voluptatem-excepturi-eligendi-harum-voluptatum', '17.18', '01JMF24FBRTVE0WQN4JBTV6PN1.png', 220, '2025-02-19 12:25:51', '2025-02-19 12:25:51', 25, 1),
(380, 'Sharon Hahn', 'animi-ipsam-vel-exercitationem', '366.98', '01JMF24FBRTVE0WQN4JBTV6PN1.png', 220, '2025-02-19 12:25:51', '2025-02-19 12:25:51', 51, 1),
(381, 'Virginie Adams', 'neque-dolorem-in-fugiat-ratione', '641.44', '01JMF24FBRTVE0WQN4JBTV6PN1.png', 220, '2025-02-19 12:25:51', '2025-02-19 12:25:51', 84, 1),
(382, 'Crawford Armstrong', 'quos-deleniti-suscipit-minus-voluptatem-quia-hic-eligendi', '201.87', '01JMF24FBRTVE0WQN4JBTV6PN1.png', 220, '2025-02-19 12:25:51', '2025-02-19 12:25:51', 41, 1),
(383, 'Prof. Zakary Auer I', 'quos-aut-repellendus-ut-quia-voluptatum-ullam', '517.06', '01JMF24FBRTVE0WQN4JBTV6PN1.png', 220, '2025-02-19 12:25:51', '2025-02-19 12:25:51', 2, 1),
(384, 'Evan Bins', 'est-nihil-sint-consequatur-tenetur', '241.26', '01JMF24FBRTVE0WQN4JBTV6PN1.png', 220, '2025-02-19 12:25:51', '2025-02-19 12:25:51', 45, 1),
(385, 'Sarai Gottlieb', 'qui-corporis-pariatur-ex-porro', '872.31', '01JMF24FBRTVE0WQN4JBTV6PN1.png', 220, '2025-02-19 12:25:51', '2025-02-19 12:25:51', 69, 1),
(386, 'Myrl Wolf', 'corrupti-et-dolores-voluptatem', '617.44', '01JMF24FBRTVE0WQN4JBTV6PN1.png', 220, '2025-02-19 12:25:51', '2025-02-19 12:25:51', 58, 1),
(387, 'Ressie Herman', 'et-occaecati-eligendi-tempora-porro-iste-itaque', '496.43', '01JMF24FBRTVE0WQN4JBTV6PN1.png', 220, '2025-02-19 12:25:51', '2025-02-19 12:25:51', 26, 1),
(388, 'Elias Wolf DDS', 'quod-qui-illo-neque-aspernatur-molestiae-qui-atque', '56.96', '01JMF24FBRTVE0WQN4JBTV6PN1.png', 220, '2025-02-19 12:25:51', '2025-02-19 12:25:51', 47, 1),
(389, 'Miss Genesis Huels I', 'enim-labore-voluptatibus-aut-molestiae-ipsam', '316.28', '01JMF24FBRTVE0WQN4JBTV6PN1.png', 220, '2025-02-19 12:25:51', '2025-02-19 12:25:51', 84, 1),
(390, 'Prof. Ursula Kshlerin', 'nulla-aperiam-sapiente-dicta-doloremque-ut-possimus', '73.76', '01JMF24FBRTVE0WQN4JBTV6PN1.png', 220, '2025-02-19 12:25:51', '2025-02-19 12:25:51', 80, 1),
(391, 'Alisa Larson V', 'eos-eligendi-animi-delectus-dolore', '764.85', '01JMF24FBRTVE0WQN4JBTV6PN1.png', 220, '2025-02-19 12:25:51', '2025-02-19 12:25:51', 38, 1),
(392, 'Irma DuBuque', 'dolores-et-maxime-dolores-quam-aliquam', '579.85', '01JMF24FBRTVE0WQN4JBTV6PN1.png', 220, '2025-02-19 12:25:51', '2025-02-19 12:25:51', 59, 1),
(393, 'Dr. Reed Prohaska', 'esse-perspiciatis-modi-rerum-quasi-est', '796.26', '01JMF24FBRTVE0WQN4JBTV6PN1.png', 220, '2025-02-19 12:25:51', '2025-02-19 12:25:51', 99, 1),
(394, 'Sterling Mertz', 'perspiciatis-omnis-et-ea-pariatur-expedita-nesciunt-similique-distinctio', '904.29', '01JMF24FBRTVE0WQN4JBTV6PN1.png', 220, '2025-02-19 12:25:51', '2025-02-19 12:25:51', 60, 1),
(395, 'Reed Barton', 'consequatur-quos-aut-et-commodi-distinctio-soluta-corrupti', '124.90', '01JMF24FBRTVE0WQN4JBTV6PN1.png', 220, '2025-02-19 12:25:51', '2025-02-19 12:25:51', 78, 1),
(396, 'Lamont Swift Jr.', 'eum-enim-ad-aut-eveniet', '220.37', '01JMF24FBRTVE0WQN4JBTV6PN1.png', 220, '2025-02-19 12:25:51', '2025-02-19 12:25:51', 54, 1),
(397, 'Zena Cartwright', 'ut-voluptate-eius-minus-qui-odit-et-vero', '540.54', '01JMF24FBRTVE0WQN4JBTV6PN1.png', 220, '2025-02-19 12:25:51', '2025-02-19 12:25:51', 75, 1),
(398, 'Ryan Trantow', 'hic-ex-asperiores-expedita-sed-magnam-et-facilis', '953.94', '01JMF24FBRTVE0WQN4JBTV6PN1.png', 220, '2025-02-19 12:25:51', '2025-02-19 12:25:51', 63, 1),
(399, 'Carmine Donnelly', 'non-commodi-et-dolor-unde', '945.46', '01JMF24FBRTVE0WQN4JBTV6PN1.png', 220, '2025-02-19 12:25:51', '2025-02-19 12:25:51', 23, 1),
(400, 'Rowena Schimmel', 'tenetur-est-exercitationem-sunt-qui-alias-omnis', '182.20', '01JMF24FBRTVE0WQN4JBTV6PN1.png', 220, '2025-02-19 12:25:51', '2025-02-19 12:25:51', 10, 1),
(401, 'Abbey Bergnaum', 'voluptate-sunt-quisquam-autem-et-architecto-non-in', '63.24', '01JMF24FBRTVE0WQN4JBTV6PN1.png', 220, '2025-02-19 12:25:51', '2025-02-19 12:25:51', 45, 1),
(402, 'Joaquin Barrows', 'cum-placeat-rerum-ut-culpa-fugiat', '266.79', '01JMF24FBRTVE0WQN4JBTV6PN1.png', 221, '2025-02-19 12:25:51', '2025-02-19 12:25:51', 12, 1),
(403, 'Hardy Waelchi', 'dolorem-et-molestiae-nemo-consectetur-omnis-dicta-veritatis', '256.16', '01JMF24FBRTVE0WQN4JBTV6PN1.png', 221, '2025-02-19 12:25:51', '2025-02-19 12:25:51', 24, 1),
(404, 'Cornelius Mitchell', 'voluptatem-repudiandae-sunt-earum-numquam-odio-cumque', '19.72', '01JMF24FBRTVE0WQN4JBTV6PN1.png', 221, '2025-02-19 12:25:51', '2025-02-19 12:25:51', 71, 1),
(405, 'Dr. Hobart Wyman II', 'qui-dolorem-sint-similique-consequuntur-quidem-aut', '333.93', '01JMF24FBRTVE0WQN4JBTV6PN1.png', 221, '2025-02-19 12:25:51', '2025-02-19 12:25:51', 14, 1),
(406, 'Mr. Damien Walsh IV', 'sed-numquam-sapiente-fugiat', '813.46', '01JMF24FBRTVE0WQN4JBTV6PN1.png', 221, '2025-02-19 12:25:51', '2025-02-19 12:25:51', 94, 1),
(407, 'Florine Mraz', 'laboriosam-sed-blanditiis-qui-voluptates-quo-et-fugiat', '861.94', '01JMF24FBRTVE0WQN4JBTV6PN1.png', 221, '2025-02-19 12:25:51', '2025-02-19 12:25:51', 48, 1),
(408, 'Chloe Greenholt', 'provident-quae-exercitationem-iste-odit-officiis', '438.81', '01JMF24FBRTVE0WQN4JBTV6PN1.png', 221, '2025-02-19 12:25:51', '2025-02-19 12:25:51', 30, 1),
(409, 'Dr. Emilio Anderson', 'voluptatem-repellendus-cumque-ut-quis-quaerat', '546.14', '01JMF24FBRTVE0WQN4JBTV6PN1.png', 221, '2025-02-19 12:25:51', '2025-02-19 12:25:51', 65, 1),
(410, 'Prof. Adell Jacobi', 'impedit-quis-facere-hic-impedit-voluptatem-occaecati-minima', '248.58', '01JMF24FBRTVE0WQN4JBTV6PN1.png', 221, '2025-02-19 12:25:51', '2025-02-19 12:25:51', 88, 1),
(411, 'Edna Witting', 'minima-ab-consequatur-molestiae-ea-tempore', '639.28', '01JMF24FBRTVE0WQN4JBTV6PN1.png', 221, '2025-02-19 12:25:51', '2025-02-19 12:25:51', 99, 1),
(412, 'Tressie Funk', 'nesciunt-molestiae-atque-amet-officia-impedit-sunt-sint', '175.66', '01JMF24FBRTVE0WQN4JBTV6PN1.png', 221, '2025-02-19 12:25:51', '2025-02-19 12:25:51', 46, 1),
(413, 'Freeman Schiller', 'voluptatem-minus-veritatis-dolorem-iste', '645.35', '01JMF24FBRTVE0WQN4JBTV6PN1.png', 221, '2025-02-19 12:25:52', '2025-02-19 12:25:52', 2, 1),
(414, 'Dashawn Nikolaus', 'aliquid-id-quo-rem-sint-eveniet-quis-porro', '54.42', '01JMF24FBRTVE0WQN4JBTV6PN1.png', 221, '2025-02-19 12:25:52', '2025-02-19 12:25:52', 97, 1),
(415, 'Susana Murazik', 'reiciendis-sequi-ducimus-itaque-nihil-possimus-nihil-est', '406.34', '01JMF24FBRTVE0WQN4JBTV6PN1.png', 221, '2025-02-19 12:25:52', '2025-02-19 12:25:52', 90, 1),
(416, 'Lynn Koch', 'voluptas-molestiae-quae-est-ut-molestias-modi-ea-odit', '671.94', '01JMF24FBRTVE0WQN4JBTV6PN1.png', 221, '2025-02-19 12:25:52', '2025-02-19 12:25:52', 54, 1),
(417, 'Gracie Volkman IV', 'deleniti-et-quisquam-autem-debitis', '340.71', '01JMF24FBRTVE0WQN4JBTV6PN1.png', 221, '2025-02-19 12:25:52', '2025-02-19 12:25:52', 46, 1),
(418, 'Delphia Hauck', 'corporis-veritatis-voluptas-omnis-repellat', '874.42', '01JMF24FBRTVE0WQN4JBTV6PN1.png', 221, '2025-02-19 12:25:52', '2025-02-19 12:25:52', 15, 1),
(419, 'Aniya Gusikowski', 'aut-quia-mollitia-dolorem-libero-quo-quos-officiis-aut', '393.27', '01JMF24FBRTVE0WQN4JBTV6PN1.png', 221, '2025-02-19 12:25:52', '2025-02-19 12:25:52', 56, 1),
(420, 'Rafaela Tremblay I', 'accusantium-ipsum-doloribus-ipsum-consequuntur-itaque-sit-voluptatem', '242.75', '01JMF24FBRTVE0WQN4JBTV6PN1.png', 221, '2025-02-19 12:25:52', '2025-02-19 12:25:52', 15, 1),
(421, 'Faye Kulas PhD', 'sint-eveniet-ut-sint', '568.71', '01JMF24FBRTVE0WQN4JBTV6PN1.png', 221, '2025-02-19 12:25:52', '2025-02-19 12:25:52', 32, 1),
(422, 'Obie Kihn', 'placeat-dignissimos-aut-est-est-veritatis-ut-debitis-doloremque', '956.17', '01JMF24FBRTVE0WQN4JBTV6PN1.png', 221, '2025-02-19 12:25:52', '2025-02-19 12:25:52', 75, 1),
(423, 'Miss Fleta Connelly', 'suscipit-occaecati-placeat-quidem-inventore-vitae', '222.44', '01JMF24FBRTVE0WQN4JBTV6PN1.png', 221, '2025-02-19 12:25:52', '2025-02-19 12:25:52', 14, 1),
(424, 'Mr. Chester Blick MD', 'autem-corrupti-consectetur-aut-et', '212.45', '01JMF24FBRTVE0WQN4JBTV6PN1.png', 221, '2025-02-19 12:25:52', '2025-02-19 12:25:52', 7, 1),
(425, 'Alexandre Daniel', 'animi-consequatur-ducimus-eos-nihil', '363.18', '01JMF24FBRTVE0WQN4JBTV6PN1.png', 221, '2025-02-19 12:25:52', '2025-02-19 12:25:52', 22, 1),
(426, 'Brandon Hermiston', 'maiores-ad-est-facilis-qui', '547.71', '01JMF24FBRTVE0WQN4JBTV6PN1.png', 221, '2025-02-19 12:25:52', '2025-02-19 12:25:52', 85, 1),
(427, 'Dr. Howell Windler Jr.', 'dignissimos-in-sed-distinctio-sequi-aut-maiores-sit', '979.56', '01JMF24FBRTVE0WQN4JBTV6PN1.png', 222, '2025-02-19 12:25:52', '2025-02-19 12:25:52', 32, 1),
(428, 'Joe Schowalter', 'dolorum-velit-aliquam-laborum-explicabo-velit-deserunt', '283.64', '01JMF24FBRTVE0WQN4JBTV6PN1.png', 222, '2025-02-19 12:25:52', '2025-02-19 12:25:52', 26, 1),
(429, 'Talon Kautzer', 'consequatur-corporis-nobis-quae-aliquam-tenetur-reiciendis-qui', '841.38', '01JMF24FBRTVE0WQN4JBTV6PN1.png', 222, '2025-02-19 12:25:52', '2025-02-19 12:25:52', 92, 1),
(430, 'Delores Legros', 'et-omnis-nobis-et-est-aliquam', '688.19', '01JMF24FBRTVE0WQN4JBTV6PN1.png', 222, '2025-02-19 12:25:52', '2025-02-19 12:25:52', 15, 1),
(431, 'Ethyl Abbott', 'nulla-aut-vel-a-est', '937.52', '01JMF24FBRTVE0WQN4JBTV6PN1.png', 222, '2025-02-19 12:25:52', '2025-02-19 12:25:52', 15, 1),
(432, 'Alexie Daniel', 'ut-porro-explicabo-cupiditate-quasi-praesentium-sit-est-maxime', '643.39', '01JMF24FBRTVE0WQN4JBTV6PN1.png', 222, '2025-02-19 12:25:52', '2025-02-19 12:25:52', 86, 1),
(433, 'Peter Christiansen', 'nam-deleniti-perferendis-nostrum', '450.98', '01JMF24FBRTVE0WQN4JBTV6PN1.png', 222, '2025-02-19 12:25:52', '2025-02-19 12:25:52', 49, 1),
(434, 'Domenico O\'Reilly', 'aspernatur-omnis-minima-voluptates-nihil-dolorem-fugit-aperiam-beatae', '790.86', '01JMF24FBRTVE0WQN4JBTV6PN1.png', 222, '2025-02-19 12:25:52', '2025-02-19 12:25:52', 9, 1),
(435, 'Josiah Price DVM', 'et-recusandae-dolorum-laborum-aut-amet-laboriosam-eos', '494.57', '01JMF24FBRTVE0WQN4JBTV6PN1.png', 222, '2025-02-19 12:25:52', '2025-02-19 12:25:52', 66, 1),
(436, 'Prof. Shakira Weber', 'deleniti-doloremque-sit-deserunt-ut-quo', '572.94', '01JMF24FBRTVE0WQN4JBTV6PN1.png', 222, '2025-02-19 12:25:52', '2025-02-19 12:25:52', 88, 1),
(437, 'Lazaro Kohler', 'qui-velit-quasi-commodi-ab-et', '39.36', '01JMF24FBRTVE0WQN4JBTV6PN1.png', 222, '2025-02-19 12:25:52', '2025-02-19 12:25:52', 29, 1),
(438, 'Maurine Renner', 'earum-sed-magni-iusto-aperiam-et-perferendis', '303.69', '01JMF24FBRTVE0WQN4JBTV6PN1.png', 222, '2025-02-19 12:25:52', '2025-02-19 12:25:52', 69, 1),
(439, 'Vincenza Cormier', 'aliquid-sint-deleniti-unde-iure-animi', '405.47', '01JMF24FBRTVE0WQN4JBTV6PN1.png', 222, '2025-02-19 12:25:52', '2025-02-19 12:25:52', 92, 1),
(440, 'Rogers Gibson', 'cum-qui-dolor-perspiciatis-pariatur-molestias-iure', '201.71', '01JMF24FBRTVE0WQN4JBTV6PN1.png', 222, '2025-02-19 12:25:52', '2025-02-19 12:25:52', 19, 1),
(441, 'Rickie Harris', 'quaerat-quia-eveniet-eligendi-repellendus-dicta', '633.98', '01JMF24FBRTVE0WQN4JBTV6PN1.png', 222, '2025-02-19 12:25:52', '2025-02-19 12:25:52', 15, 1),
(442, 'Brisa Emard I', 'eveniet-ipsa-dignissimos-ratione-alias-autem-nobis-reiciendis-velit', '166.19', '01JMF24FBRTVE0WQN4JBTV6PN1.png', 222, '2025-02-19 12:25:52', '2025-02-19 12:25:52', 54, 1),
(443, 'Pink Anderson PhD', 'voluptatem-eligendi-dolor-ut-ut-eligendi-quam-et', '923.22', '01JMF24FBRTVE0WQN4JBTV6PN1.png', 222, '2025-02-19 12:25:52', '2025-02-19 12:25:52', 55, 1),
(444, 'Mrs. Kaela Glover', 'sed-aut-perferendis-est-blanditiis-facilis-quo', '624.79', '01JMF24FBRTVE0WQN4JBTV6PN1.png', 222, '2025-02-19 12:25:52', '2025-02-19 12:25:52', 61, 1),
(445, 'Austyn Langosh', 'eum-eos-quis-recusandae-nisi-et', '362.31', '01JMF24FBRTVE0WQN4JBTV6PN1.png', 222, '2025-02-19 12:25:52', '2025-02-19 12:25:52', 88, 1),
(446, 'Dr. Claudine Keeling', 'omnis-odio-rem-repellendus-ex', '504.17', '01JMF24FBRTVE0WQN4JBTV6PN1.png', 222, '2025-02-19 12:25:52', '2025-02-19 12:25:52', 18, 1),
(447, 'Dr. Edythe Boehm III', 'error-assumenda-et-eius-minima-et-qui-tempora', '352.85', '01JMF24FBRTVE0WQN4JBTV6PN1.png', 222, '2025-02-19 12:25:52', '2025-02-19 12:25:52', 62, 1),
(448, 'Della Bechtelar III', 'omnis-eum-dolorum-voluptates-dicta-eum-enim-a', '502.78', '01JMF24FBRTVE0WQN4JBTV6PN1.png', 222, '2025-02-19 12:25:52', '2025-02-19 12:25:52', 60, 1),
(449, 'Dr. Melyssa McCullough', 'et-itaque-id-voluptatem', '110.60', '01JMF24FBRTVE0WQN4JBTV6PN1.png', 222, '2025-02-19 12:25:52', '2025-02-19 12:25:52', 81, 1),
(450, 'Giovanny Emard', 'corrupti-beatae-consequuntur-eligendi', '226.09', '01JMF24FBRTVE0WQN4JBTV6PN1.png', 222, '2025-02-19 12:25:52', '2025-02-19 12:25:52', 83, 1),
(451, 'Wanda Oberbrunner', 'aliquam-eum-ea-vero-autem-qui-ut-ipsa', '821.82', '01JMF24FBRTVE0WQN4JBTV6PN1.png', 222, '2025-02-19 12:25:52', '2025-02-19 12:25:52', 83, 1),
(452, 'Antonette Bradtke', 'porro-quidem-molestiae-voluptates-dolore', '598.07', '01JMF24FBRTVE0WQN4JBTV6PN1.png', 223, '2025-02-19 12:25:52', '2025-02-19 12:25:52', 77, 1),
(453, 'Mr. Antonio Grimes', 'et-voluptas-quos-labore', '252.17', '01JMF24FBRTVE0WQN4JBTV6PN1.png', 223, '2025-02-19 12:25:52', '2025-02-19 12:25:52', 74, 1),
(454, 'Dr. Buster Beatty', 'dolores-corporis-deleniti-blanditiis-sit-vel-quae', '683.78', '01JMF24FBRTVE0WQN4JBTV6PN1.png', 223, '2025-02-19 12:25:52', '2025-02-19 12:25:52', 26, 1),
(455, 'Prof. Alverta Sauer', 'voluptas-et-minus-voluptatem-quia-delectus', '492.96', '01JMF24FBRTVE0WQN4JBTV6PN1.png', 223, '2025-02-19 12:25:52', '2025-02-19 12:25:52', 47, 1),
(456, 'Miss Jayda Hagenes Jr.', 'quia-sed-et-repellendus-eveniet-sint', '347.90', '01JMF24FBRTVE0WQN4JBTV6PN1.png', 223, '2025-02-19 12:25:52', '2025-02-19 12:25:52', 7, 1),
(457, 'Easton Jerde', 'repellendus-non-aperiam-ut-alias-quia', '647.65', '01JMF24FBRTVE0WQN4JBTV6PN1.png', 223, '2025-02-19 12:25:52', '2025-02-19 12:25:52', 25, 1),
(458, 'Americo Beahan', 'perferendis-veritatis-aspernatur-velit-quis-quo-quia-quidem', '865.18', '01JMF24FBRTVE0WQN4JBTV6PN1.png', 223, '2025-02-19 12:25:52', '2025-02-19 12:25:52', 74, 1),
(459, 'Dixie Carter', 'facere-vero-pariatur-eius-reprehenderit-in-nemo-nam', '234.32', '01JMF24FBRTVE0WQN4JBTV6PN1.png', 223, '2025-02-19 12:25:52', '2025-02-19 12:25:52', 63, 1),
(460, 'Zack Mills', 'molestias-tenetur-ex-praesentium-reprehenderit', '511.41', '01JMF24FBRTVE0WQN4JBTV6PN1.png', 223, '2025-02-19 12:25:52', '2025-02-19 12:25:52', 62, 1),
(461, 'Brennon Spinka', 'ex-quas-et-consequuntur-nihil-mollitia', '260.59', '01JMF24FBRTVE0WQN4JBTV6PN1.png', 223, '2025-02-19 12:25:52', '2025-02-19 12:25:52', 26, 1),
(462, 'Mr. Carmel Legros I', 'exercitationem-dolorum-occaecati-fuga-ducimus-fugit-necessitatibus', '32.67', '01JMF24FBRTVE0WQN4JBTV6PN1.png', 223, '2025-02-19 12:25:52', '2025-02-19 12:25:52', 82, 1),
(463, 'Kris Rodriguez', 'impedit-animi-commodi-deserunt-tempore', '166.46', '01JMF24FBRTVE0WQN4JBTV6PN1.png', 223, '2025-02-19 12:25:52', '2025-02-19 12:25:52', 82, 1),
(464, 'Mr. Wilson Beer DDS', 'in-illum-ad-nihil-harum-quasi-minima-odio', '454.24', '01JMF24FBRTVE0WQN4JBTV6PN1.png', 223, '2025-02-19 12:25:52', '2025-02-19 12:25:52', 37, 1),
(465, 'Santiago O\'Kon', 'rerum-nulla-et-qui-nostrum-voluptatem-quam-unde', '393.38', '01JMF24FBRTVE0WQN4JBTV6PN1.png', 223, '2025-02-19 12:25:52', '2025-02-19 12:25:52', 41, 1),
(466, 'Kirsten Johns', 'dolorem-harum-enim-sunt-consectetur-sunt-molestiae', '657.79', '01JMF24FBRTVE0WQN4JBTV6PN1.png', 223, '2025-02-19 12:25:52', '2025-02-19 12:25:52', 38, 1),
(467, 'Bertram Weimann', 'aliquam-nam-optio-ad-qui-veritatis-non-iusto', '435.25', '01JMF24FBRTVE0WQN4JBTV6PN1.png', 223, '2025-02-19 12:25:52', '2025-02-19 12:25:52', 92, 1),
(468, 'Betsy Hirthe', 'laudantium-quod-nobis-accusantium-id-impedit-aut-officia', '902.25', '01JMF24FBRTVE0WQN4JBTV6PN1.png', 223, '2025-02-19 12:25:52', '2025-02-19 12:25:52', 39, 1),
(469, 'Oliver Leuschke', 'voluptas-aut-veritatis-ut-quia-nobis-fugit-quaerat', '293.58', '01JMF24FBRTVE0WQN4JBTV6PN1.png', 223, '2025-02-19 12:25:52', '2025-02-19 12:25:52', 36, 1),
(470, 'Jarrod Waters', 'cupiditate-corrupti-id-iure-quam-quisquam-accusantium', '919.44', '01JMF24FBRTVE0WQN4JBTV6PN1.png', 223, '2025-02-19 12:25:52', '2025-02-19 12:25:52', 51, 1),
(471, 'Maxine Schaefer', 'corrupti-totam-quos-architecto-velit-velit-distinctio-deleniti', '789.98', '01JMF24FBRTVE0WQN4JBTV6PN1.png', 223, '2025-02-19 12:25:52', '2025-02-19 12:25:52', 28, 1),
(472, 'Gerda Satterfield Sr.', 'incidunt-molestias-et-dolorem', '322.12', '01JMF24FBRTVE0WQN4JBTV6PN1.png', 223, '2025-02-19 12:25:52', '2025-02-19 12:25:52', 29, 1),
(473, 'Dr. Blaze Conroy II', 'atque-inventore-enim-atque', '185.67', '01JMF24FBRTVE0WQN4JBTV6PN1.png', 223, '2025-02-19 12:25:52', '2025-02-19 12:25:52', 46, 1),
(474, 'Kaycee White MD', 'repellendus-eum-sunt-nisi-aut', '685.53', '01JMF24FBRTVE0WQN4JBTV6PN1.png', 223, '2025-02-19 12:25:52', '2025-02-19 12:25:52', 2, 1),
(475, 'Madisyn Rau Jr.', 'voluptatem-consectetur-ratione-blanditiis', '753.16', '01JMF24FBRTVE0WQN4JBTV6PN1.png', 223, '2025-02-19 12:25:52', '2025-02-19 12:25:52', 72, 1),
(476, 'Mr. Fidel Shanahan V', 'ipsam-incidunt-quia-iusto-quam-quasi-consequatur-quisquam', '724.41', '01JMF24FBRTVE0WQN4JBTV6PN1.png', 223, '2025-02-19 12:25:52', '2025-02-19 12:25:52', 72, 1),
(477, 'Della Jacobson', 'perferendis-ipsa-dolor-eum-amet-error-illo-commodi', '953.33', '01JMF24FBRTVE0WQN4JBTV6PN1.png', 224, '2025-02-19 12:25:52', '2025-02-19 12:25:52', 85, 1),
(478, 'Mathias Altenwerth', 'dolorem-eveniet-qui-fugiat-eaque-et-et-quasi-sit', '33.43', '01JMF24FBRTVE0WQN4JBTV6PN1.png', 224, '2025-02-19 12:25:52', '2025-02-19 12:25:52', 83, 1),
(479, 'Lupe Rippin', 'sint-modi-sit-non-facilis', '765.91', '01JMF24FBRTVE0WQN4JBTV6PN1.png', 224, '2025-02-19 12:25:52', '2025-02-19 12:25:52', 26, 1),
(480, 'Jensen Rippin', 'eos-sit-nesciunt-nihil-iusto-sed', '355.96', '01JMF24FBRTVE0WQN4JBTV6PN1.png', 224, '2025-02-19 12:25:52', '2025-02-19 12:25:52', 26, 1),
(481, 'Demetris Nikolaus', 'recusandae-est-est-est-quod-et-et-corrupti', '334.48', '01JMF24FBRTVE0WQN4JBTV6PN1.png', 224, '2025-02-19 12:25:52', '2025-02-19 12:25:52', 99, 1),
(482, 'Dr. Constance Jacobi II', 'accusamus-ut-aut-reprehenderit-repudiandae-rem', '211.93', '01JMF24FBRTVE0WQN4JBTV6PN1.png', 224, '2025-02-19 12:25:52', '2025-02-19 12:25:52', 0, 1),
(483, 'Norene Lebsack III', 'aut-ea-fugiat-ratione-quaerat-et-sequi', '666.97', '01JMF24FBRTVE0WQN4JBTV6PN1.png', 224, '2025-02-19 12:25:52', '2025-02-19 12:25:52', 90, 1),
(484, 'Stacy Bergnaum', 'hic-sunt-non-voluptatibus-aspernatur-harum', '639.64', '01JMF24FBRTVE0WQN4JBTV6PN1.png', 224, '2025-02-19 12:25:52', '2025-02-19 12:25:52', 32, 1),
(485, 'Lafayette Kemmer IV', 'et-aut-similique-numquam-molestias-porro-omnis-hic', '625.72', '01JMF24FBRTVE0WQN4JBTV6PN1.png', 224, '2025-02-19 12:25:52', '2025-02-19 12:25:52', 95, 1),
(486, 'Dr. Taryn Williamson', 'sapiente-quis-deleniti-quas-omnis', '955.80', '01JMF24FBRTVE0WQN4JBTV6PN1.png', 224, '2025-02-19 12:25:52', '2025-02-19 12:25:52', 2, 1),
(487, 'Ceasar O\'Reilly', 'ad-quibusdam-dolorum-sed-minus-corporis', '104.30', '01JMF24FBRTVE0WQN4JBTV6PN1.png', 224, '2025-02-19 12:25:52', '2025-02-19 12:25:52', 56, 1),
(488, 'Kaycee Homenick', 'laboriosam-quaerat-et-et-accusamus-sed-inventore-quia', '353.48', '01JMF24FBRTVE0WQN4JBTV6PN1.png', 224, '2025-02-19 12:25:52', '2025-02-19 12:25:52', 45, 1),
(489, 'Tobin Walsh IV', 'fugiat-aut-voluptas-aspernatur-eum', '704.26', '01JMF24FBRTVE0WQN4JBTV6PN1.png', 224, '2025-02-19 12:25:52', '2025-02-19 12:25:52', 9, 1),
(490, 'Kristin Runolfsdottir', 'reiciendis-eum-id-voluptatem-est-cum-consectetur', '918.48', '01JMF24FBRTVE0WQN4JBTV6PN1.png', 224, '2025-02-19 12:25:52', '2025-02-19 12:25:52', 99, 1),
(491, 'Mac Jakubowski', 'aut-illum-fugit-eum-qui-quasi-vel', '397.99', '01JMF24FBRTVE0WQN4JBTV6PN1.png', 224, '2025-02-19 12:25:52', '2025-02-19 12:25:52', 76, 1),
(492, 'Mrs. Dakota Rau', 'sint-et-aliquid-dolores-dolores-soluta-eius-ipsam-omnis', '389.63', '01JMF24FBRTVE0WQN4JBTV6PN1.png', 224, '2025-02-19 12:25:52', '2025-02-19 12:25:52', 20, 1),
(493, 'Dr. Lionel Upton V', 'nihil-dolores-aut-aut-et', '60.46', '01JMF24FBRTVE0WQN4JBTV6PN1.png', 224, '2025-02-19 12:25:52', '2025-02-19 12:25:52', 69, 1),
(494, 'Alda Goldner', 'eos-dolorem-laboriosam-amet', '217.99', '01JMF24FBRTVE0WQN4JBTV6PN1.png', 224, '2025-02-19 12:25:52', '2025-02-19 12:25:52', 56, 1),
(495, 'Cierra Predovic', 'animi-sit-mollitia-et-sit-beatae-in', '517.97', '01JMF24FBRTVE0WQN4JBTV6PN1.png', 224, '2025-02-19 12:25:52', '2025-02-19 12:25:52', 98, 1),
(496, 'Annamae Bauch', 'vel-quam-non-totam-voluptate', '839.04', '01JMF24FBRTVE0WQN4JBTV6PN1.png', 224, '2025-02-19 12:25:52', '2025-02-19 12:25:52', 60, 1),
(497, 'Quincy Medhurst', 'aspernatur-similique-sed-dolor-amet-sunt-dignissimos-pariatur', '469.62', '01JMF24FBRTVE0WQN4JBTV6PN1.png', 224, '2025-02-19 12:25:52', '2025-02-19 12:25:52', 50, 1),
(498, 'Morton McGlynn', 'inventore-laboriosam-corporis-facere', '709.82', '01JMF24FBRTVE0WQN4JBTV6PN1.png', 224, '2025-02-19 12:25:52', '2025-02-19 12:25:52', 65, 1),
(499, 'Delphia Zboncak', 'et-eum-consequatur-libero-quis-voluptatem', '535.82', '01JMF24FBRTVE0WQN4JBTV6PN1.png', 224, '2025-02-19 12:25:52', '2025-02-19 12:25:52', 30, 1),
(500, 'Madalyn Bradtke IV', 'est-sequi-porro-ut-vitae', '45.94', '01JMF24FBRTVE0WQN4JBTV6PN1.png', 224, '2025-02-19 12:25:52', '2025-02-19 12:25:52', 88, 1),
(501, 'Obie Reinger', 'distinctio-quos-fugit-saepe-voluptates-sit', '271.15', '01JMF24FBRTVE0WQN4JBTV6PN1.png', 224, '2025-02-19 12:25:52', '2025-02-19 12:25:52', 31, 1),
(502, 'Prof. Kraig Bergstrom MD', 'dignissimos-nemo-delectus-qui-consequatur-voluptatum-quo-dolores', '409.84', '01JMF24FBRTVE0WQN4JBTV6PN1.png', 225, '2025-02-19 12:25:52', '2025-02-19 12:25:52', 94, 1),
(503, 'Maverick Bernier', 'saepe-nihil-ut-deserunt', '253.44', '01JMF24FBRTVE0WQN4JBTV6PN1.png', 225, '2025-02-19 12:25:52', '2025-02-19 12:25:52', 16, 1),
(504, 'Prof. Timothy Harvey DDS', 'vel-quibusdam-beatae-ducimus-culpa-aliquam-esse', '70.40', '01JMF24FBRTVE0WQN4JBTV6PN1.png', 225, '2025-02-19 12:25:52', '2025-02-19 12:25:52', 9, 1),
(505, 'Minnie Bogan', 'temporibus-ullam-sint-id-nihil-ut-doloribus-laudantium-expedita', '415.00', '01JMF24FBRTVE0WQN4JBTV6PN1.png', 225, '2025-02-19 12:25:52', '2025-02-19 12:25:52', 45, 1),
(506, 'Roderick Marvin', 'maxime-omnis-facilis-molestiae-est', '544.03', '01JMF24FBRTVE0WQN4JBTV6PN1.png', 225, '2025-02-19 12:25:52', '2025-02-19 12:25:52', 53, 1),
(507, 'Brooks Von', 'nihil-quae-blanditiis-voluptatem-qui', '108.17', '01JMF24FBRTVE0WQN4JBTV6PN1.png', 225, '2025-02-19 12:25:52', '2025-02-19 12:25:52', 30, 1),
(508, 'Jasper Dickinson PhD', 'quis-alias-consequatur-facilis-necessitatibus-ea-tenetur', '431.92', '01JMF24FBRTVE0WQN4JBTV6PN1.png', 225, '2025-02-19 12:25:52', '2025-02-19 12:25:52', 53, 1),
(509, 'Dillan Breitenberg DDS', 'cupiditate-itaque-quo-in-expedita', '794.51', '01JMF24FBRTVE0WQN4JBTV6PN1.png', 225, '2025-02-19 12:25:52', '2025-02-19 12:25:52', 96, 1),
(510, 'Prof. Kaden Hermiston PhD', 'voluptas-quos-omnis-qui-numquam-est-amet', '968.54', '01JMF24FBRTVE0WQN4JBTV6PN1.png', 225, '2025-02-19 12:25:52', '2025-02-19 12:25:52', 5, 1),
(511, 'Theresia Schiller', 'necessitatibus-asperiores-nihil-et-deleniti-perspiciatis-ipsam', '227.16', '01JMF24FBRTVE0WQN4JBTV6PN1.png', 225, '2025-02-19 12:25:52', '2025-02-19 12:25:52', 63, 1),
(512, 'Gus Cruickshank', 'earum-maiores-officiis-ut-delectus-optio-harum-nemo', '254.11', '01JMF24FBRTVE0WQN4JBTV6PN1.png', 225, '2025-02-19 12:25:52', '2025-02-19 12:25:52', 7, 1),
(513, 'Prof. Gage Breitenberg', 'et-et-enim-enim-aspernatur-quae-eos-omnis-aliquid', '357.69', '01JMF24FBRTVE0WQN4JBTV6PN1.png', 225, '2025-02-19 12:25:52', '2025-02-19 12:25:52', 0, 1),
(514, 'Aiyana Maggio', 'quam-cum-ut-quod-placeat-vitae-qui-et-corrupti', '537.94', '01JMF24FBRTVE0WQN4JBTV6PN1.png', 225, '2025-02-19 12:25:52', '2025-02-19 12:25:52', 67, 1),
(515, 'Mossie Williamson', 'vero-sed-quisquam-consequatur', '476.95', '01JMF24FBRTVE0WQN4JBTV6PN1.png', 225, '2025-02-19 12:25:52', '2025-02-19 12:25:52', 44, 1),
(516, 'Solon Dickinson', 'cumque-atque-nihil-sed-nam-atque-nesciunt-reprehenderit-dolorem', '844.94', '01JMF24FBRTVE0WQN4JBTV6PN1.png', 225, '2025-02-19 12:25:52', '2025-02-19 12:25:52', 92, 1),
(517, 'Aimee Buckridge', 'odio-unde-quos-saepe-accusamus', '850.66', '01JMF24FBRTVE0WQN4JBTV6PN1.png', 225, '2025-02-19 12:25:52', '2025-02-19 12:25:52', 26, 1),
(518, 'Christian Purdy', 'sint-aut-et-suscipit-dolore', '30.85', '01JMF24FBRTVE0WQN4JBTV6PN1.png', 225, '2025-02-19 12:25:52', '2025-02-19 12:25:52', 15, 1),
(519, 'Rosalinda Kihn', 'autem-ut-officia-incidunt-eius', '975.16', '01JMF24FBRTVE0WQN4JBTV6PN1.png', 225, '2025-02-19 12:25:52', '2025-02-19 12:25:52', 68, 1),
(520, 'Prof. Nasir Swift MD', 'fugit-nostrum-quia-iste-fuga-est-quod', '806.44', '01JMF24FBRTVE0WQN4JBTV6PN1.png', 225, '2025-02-19 12:25:52', '2025-02-19 12:25:52', 36, 1),
(521, 'Santa Wiegand', 'cum-at-et-dolore-ipsum-hic', '803.42', '01JMF24FBRTVE0WQN4JBTV6PN1.png', 225, '2025-02-19 12:25:52', '2025-02-19 12:25:52', 38, 1),
(522, 'Madelynn Hilpert', 'minima-voluptatum-cum-maxime-sit-quas-aut', '876.54', '01JMF24FBRTVE0WQN4JBTV6PN1.png', 225, '2025-02-19 12:25:52', '2025-02-19 12:25:52', 79, 1),
(523, 'Miss Genesis Fadel PhD', 'repellat-voluptas-blanditiis-odio-distinctio-voluptatem-numquam-saepe-velit', '24.99', '01JMF24FBRTVE0WQN4JBTV6PN1.png', 225, '2025-02-19 12:25:52', '2025-02-19 12:25:52', 3, 1),
(524, 'Rodolfo Brakus', 'id-ut-necessitatibus-assumenda-tempore', '851.15', '01JMF24FBRTVE0WQN4JBTV6PN1.png', 225, '2025-02-19 12:25:52', '2025-02-19 12:25:52', 75, 1),
(525, 'Mr. Trystan Bogisich', 'atque-eligendi-et-fugit-aut-veritatis-aut-recusandae-commodi', '900.06', '01JMF24FBRTVE0WQN4JBTV6PN1.png', 225, '2025-02-19 12:25:52', '2025-02-19 12:25:52', 77, 1),
(526, 'Mr. Cleo Keeling', 'eius-quas-dicta-totam-et-omnis-nihil', '368.48', '01JMF24FBRTVE0WQN4JBTV6PN1.png', 225, '2025-02-19 12:25:52', '2025-02-19 12:25:52', 2, 1),
(527, 'Judah Nikolaus', 'aut-aliquam-quisquam-sed-perspiciatis-dolores-est-a', '414.81', '01JMF24FBRTVE0WQN4JBTV6PN1.png', 226, '2025-02-19 12:25:52', '2025-02-19 12:25:52', 72, 1),
(528, 'Jensen Koepp', 'velit-animi-ea-voluptates', '644.88', '01JMF24FBRTVE0WQN4JBTV6PN1.png', 226, '2025-02-19 12:25:52', '2025-02-19 12:25:52', 41, 1),
(529, 'Ms. Kyla Muller DVM', 'repellendus-culpa-eos-minus-minima-dicta-recusandae-voluptatem-dignissimos', '969.57', '01JMF24FBRTVE0WQN4JBTV6PN1.png', 226, '2025-02-19 12:25:52', '2025-02-19 12:25:52', 89, 1),
(530, 'Kiel Bahringer', 'quo-cum-consequuntur-pariatur-placeat-dignissimos', '11.55', '01JMF24FBRTVE0WQN4JBTV6PN1.png', 226, '2025-02-19 12:25:52', '2025-02-19 12:25:52', 49, 1),
(531, 'Lourdes Gutkowski', 'aut-rem-assumenda-ut-culpa-qui', '488.73', '01JMF24FBRTVE0WQN4JBTV6PN1.png', 226, '2025-02-19 12:25:52', '2025-02-19 12:25:52', 11, 1),
(532, 'Jeremy Orn', 'sit-quam-optio-necessitatibus-aperiam', '329.56', '01JMF24FBRTVE0WQN4JBTV6PN1.png', 226, '2025-02-19 12:25:52', '2025-02-19 12:25:52', 87, 1),
(533, 'Emanuel Zemlak', 'nesciunt-non-molestias-unde-ex-non-praesentium-numquam', '373.17', '01JMF24FBRTVE0WQN4JBTV6PN1.png', 226, '2025-02-19 12:25:52', '2025-02-19 12:25:52', 63, 1),
(534, 'Tess Lynch', 'sed-nulla-labore-rerum-quibusdam', '847.49', '01JMF24FBRTVE0WQN4JBTV6PN1.png', 226, '2025-02-19 12:25:52', '2025-02-19 12:25:52', 88, 1),
(535, 'Prof. Delphine Krajcik', 'iste-repudiandae-ea-illo-odit-laboriosam-dolore-nihil', '859.33', '01JMF24FBRTVE0WQN4JBTV6PN1.png', 226, '2025-02-19 12:25:52', '2025-02-19 12:25:52', 22, 1),
(536, 'Marcelle Larson', 'voluptate-sit-et-ut-aut', '737.26', '01JMF24FBRTVE0WQN4JBTV6PN1.png', 226, '2025-02-19 12:25:52', '2025-02-19 12:25:52', 45, 1),
(537, 'Virgil Kunze Sr.', 'sint-modi-est-eos-veritatis-est-quos-qui', '481.01', '01JMF24FBRTVE0WQN4JBTV6PN1.png', 226, '2025-02-19 12:25:52', '2025-02-19 12:25:52', 81, 1),
(538, 'Vickie Kozey MD', 'suscipit-facere-sed-corporis-esse-non-soluta-praesentium-et', '945.95', '01JMF24FBRTVE0WQN4JBTV6PN1.png', 226, '2025-02-19 12:25:52', '2025-02-19 12:25:52', 88, 1),
(539, 'Payton Bahringer', 'autem-enim-molestias-saepe-quia-aliquid-asperiores-dolores', '553.64', '01JMF24FBRTVE0WQN4JBTV6PN1.png', 226, '2025-02-19 12:25:52', '2025-02-19 12:25:52', 81, 1),
(540, 'Miss Vilma Littel', 'suscipit-itaque-aut-veniam-ad-odit', '107.23', '01JMF24FBRTVE0WQN4JBTV6PN1.png', 226, '2025-02-19 12:25:52', '2025-02-19 12:25:52', 13, 1),
(541, 'Kaleigh Leannon', 'quia-rem-aspernatur-non', '212.53', '01JMF24FBRTVE0WQN4JBTV6PN1.png', 226, '2025-02-19 12:25:52', '2025-02-19 12:25:52', 40, 1),
(542, 'Adaline Moore', 'fuga-nemo-modi-amet-accusantium-id-recusandae', '918.14', '01JMF24FBRTVE0WQN4JBTV6PN1.png', 226, '2025-02-19 12:25:52', '2025-02-19 12:25:52', 70, 1),
(543, 'Jo Fisher', 'consectetur-eius-unde-id-nulla-deserunt-iusto', '738.78', '01JMF24FBRTVE0WQN4JBTV6PN1.png', 226, '2025-02-19 12:25:52', '2025-02-19 12:25:52', 21, 1),
(544, 'Leanna Kutch', 'repudiandae-dicta-veniam-qui-et-debitis-laboriosam', '57.80', '01JMF24FBRTVE0WQN4JBTV6PN1.png', 226, '2025-02-19 12:25:52', '2025-02-19 12:25:52', 21, 1),
(545, 'Marcel Bernier I', 'sint-est-amet-nulla-laudantium-dolor', '100.43', '01JMF24FBRTVE0WQN4JBTV6PN1.png', 226, '2025-02-19 12:25:52', '2025-02-19 12:25:52', 98, 1),
(546, 'Hunter Prosacco V', 'nesciunt-possimus-rerum-quia-et-reiciendis-dolorem', '498.86', '01JMF24FBRTVE0WQN4JBTV6PN1.png', 226, '2025-02-19 12:25:52', '2025-02-19 12:25:52', 4, 1),
(547, 'Dr. Makenna Simonis', 'sint-nihil-deserunt-velit', '247.58', '01JMF24FBRTVE0WQN4JBTV6PN1.png', 226, '2025-02-19 12:25:52', '2025-02-19 12:25:52', 1, 1),
(548, 'Trever Pagac', 'quo-aperiam-asperiores-et-praesentium-deserunt-fuga-voluptas', '180.93', '01JMF24FBRTVE0WQN4JBTV6PN1.png', 226, '2025-02-19 12:25:52', '2025-02-19 12:25:52', 69, 1),
(549, 'Evans Stoltenberg III', 'saepe-dolore-eum-ex-quo', '330.00', '01JMF24FBRTVE0WQN4JBTV6PN1.png', 226, '2025-02-19 12:25:52', '2025-02-19 12:25:52', 10, 1),
(550, 'Mable Beatty', 'provident-ut-dolorem-sequi-dolorem-dolores', '402.70', '01JMF24FBRTVE0WQN4JBTV6PN1.png', 226, '2025-02-19 12:25:52', '2025-02-19 12:25:52', 69, 1),
(551, 'Emilio Hamill', 'soluta-aut-vero-sunt-voluptas-nesciunt', '297.67', '01JMF24FBRTVE0WQN4JBTV6PN1.png', 226, '2025-02-19 12:25:52', '2025-02-19 12:25:52', 8, 1),
(552, 'Mattie Ebert Sr.', 'est-non-provident-occaecati-architecto-libero-expedita-nesciunt-itaque', '777.40', '01JMF24FBRTVE0WQN4JBTV6PN1.png', 227, '2025-02-19 12:25:52', '2025-02-19 12:25:52', 83, 1),
(553, 'Kathryn Harris', 'culpa-dignissimos-et-sit-porro', '936.02', '01JMF24FBRTVE0WQN4JBTV6PN1.png', 227, '2025-02-19 12:25:52', '2025-02-19 12:25:52', 16, 1),
(554, 'Charley Mohr', 'sunt-eos-doloribus-quis-alias-quis-non-consequatur', '111.12', '01JMF24FBRTVE0WQN4JBTV6PN1.png', 227, '2025-02-19 12:25:52', '2025-02-19 12:25:52', 69, 1),
(555, 'Mrs. Gail Willms', 'inventore-aperiam-illo-et-in-soluta-delectus-et', '727.38', '01JMF24FBRTVE0WQN4JBTV6PN1.png', 227, '2025-02-19 12:25:52', '2025-02-19 12:25:52', 23, 1),
(556, 'Kevin Emmerich', 'tempore-consectetur-magnam-sed-delectus-delectus-sit', '720.95', '01JMF24FBRTVE0WQN4JBTV6PN1.png', 227, '2025-02-19 12:25:52', '2025-02-19 12:25:52', 16, 1),
(557, 'Rhea Marvin', 'molestias-sint-eos-expedita-aperiam-et-commodi', '798.26', '01JMF24FBRTVE0WQN4JBTV6PN1.png', 227, '2025-02-19 12:25:52', '2025-02-19 12:25:52', 12, 1),
(558, 'Madyson Schimmel', 'quia-debitis-voluptatum-ducimus-deserunt-omnis-voluptate', '993.48', '01JMF24FBRTVE0WQN4JBTV6PN1.png', 227, '2025-02-19 12:25:52', '2025-02-19 12:25:52', 62, 1),
(559, 'Donald Becker', 'voluptas-excepturi-similique-consequatur-quia', '163.28', '01JMF24FBRTVE0WQN4JBTV6PN1.png', 227, '2025-02-19 12:25:52', '2025-02-19 12:25:52', 88, 1),
(560, 'Dr. Amani Brekke I', 'dolor-sed-perferendis-iste-recusandae-ratione', '44.67', '01JMF24FBRTVE0WQN4JBTV6PN1.png', 227, '2025-02-19 12:25:52', '2025-02-19 12:25:52', 55, 1),
(561, 'Magnolia Nicolas', 'porro-earum-quis-quia-officia-dicta', '391.66', '01JMF24FBRTVE0WQN4JBTV6PN1.png', 227, '2025-02-19 12:25:52', '2025-02-19 12:25:52', 84, 1),
(562, 'Janet Sauer', 'nesciunt-sapiente-voluptas-quo-numquam', '382.95', '01JMF24FBRTVE0WQN4JBTV6PN1.png', 227, '2025-02-19 12:25:52', '2025-02-19 12:25:52', 55, 1),
(563, 'Dr. Isaias Padberg', 'eveniet-eius-dignissimos-cupiditate-quia-laudantium-modi', '854.86', '01JMF24FBRTVE0WQN4JBTV6PN1.png', 227, '2025-02-19 12:25:52', '2025-02-19 12:25:52', 7, 1),
(564, 'Adell Block', 'deserunt-illum-minima-optio-iste-aut-eaque-cumque', '797.72', '01JMF24FBRTVE0WQN4JBTV6PN1.png', 227, '2025-02-19 12:25:52', '2025-02-19 12:25:52', 87, 1),
(565, 'Janae Schowalter I', 'quas-aperiam-illo-ut-saepe-corrupti', '624.67', '01JMF24FBRTVE0WQN4JBTV6PN1.png', 227, '2025-02-19 12:25:52', '2025-02-19 12:25:52', 49, 1),
(566, 'Mrs. Marcia Murray', 'et-eum-eveniet-dolor-facilis', '761.68', '01JMF24FBRTVE0WQN4JBTV6PN1.png', 227, '2025-02-19 12:25:52', '2025-02-19 12:25:52', 58, 1),
(567, 'Yvonne Kub', 'aut-consequatur-esse-ut-et', '974.70', '01JMF24FBRTVE0WQN4JBTV6PN1.png', 227, '2025-02-19 12:25:52', '2025-02-19 12:25:52', 86, 1),
(568, 'Mrs. Carolyn Harber', 'modi-est-ad-voluptas-ut-rerum-animi-iste', '412.25', '01JMF24FBRTVE0WQN4JBTV6PN1.png', 227, '2025-02-19 12:25:52', '2025-02-19 12:25:52', 11, 1),
(569, 'Jaydon Schaden', 'ad-perspiciatis-veniam-odio-dolores-nesciunt', '642.86', '01JMF24FBRTVE0WQN4JBTV6PN1.png', 227, '2025-02-19 12:25:52', '2025-02-19 12:25:52', 89, 1),
(570, 'Mr. Filiberto Ortiz', 'minima-laborum-asperiores-culpa-recusandae-id-est-dolor', '890.58', '01JMF24FBRTVE0WQN4JBTV6PN1.png', 227, '2025-02-19 12:25:52', '2025-02-19 12:25:52', 13, 1),
(571, 'Jenifer Corwin', 'libero-minima-delectus-nam-aut', '652.31', '01JMF24FBRTVE0WQN4JBTV6PN1.png', 227, '2025-02-19 12:25:52', '2025-02-19 12:25:52', 53, 1),
(572, 'Dina Gerhold', 'repudiandae-corrupti-natus-molestias-veniam', '543.34', '01JMF24FBRTVE0WQN4JBTV6PN1.png', 227, '2025-02-19 12:25:52', '2025-02-19 12:25:52', 23, 1),
(573, 'Mr. Francesco Erdman', 'libero-optio-magni-porro-deleniti-sunt-in-sunt', '321.63', '01JMF24FBRTVE0WQN4JBTV6PN1.png', 227, '2025-02-19 12:25:52', '2025-02-19 12:25:52', 34, 1),
(574, 'Shea Johnston', 'sit-et-saepe-laborum', '758.46', '01JMF24FBRTVE0WQN4JBTV6PN1.png', 227, '2025-02-19 12:25:52', '2025-02-19 12:25:52', 73, 1),
(575, 'Ron Roob', 'pariatur-et-dolore-enim-rem', '732.36', '01JMF24FBRTVE0WQN4JBTV6PN1.png', 227, '2025-02-19 12:25:52', '2025-02-19 12:25:52', 14, 1);
INSERT INTO `products` (`id`, `name`, `slug`, `price`, `image`, `category_id`, `created_at`, `updated_at`, `sold`, `is_stock`) VALUES
(576, 'Adrien Walsh', 'qui-voluptatibus-ut-consequuntur-aperiam-consequuntur-sit-laudantium', '452.75', '01JMF24FBRTVE0WQN4JBTV6PN1.png', 227, '2025-02-19 12:25:52', '2025-02-19 12:25:52', 13, 1),
(577, 'Ramon Purdy', 'hic-est-veritatis-amet-omnis-vel-velit-cupiditate-voluptatem', '527.94', '01JMF24FBRTVE0WQN4JBTV6PN1.png', 228, '2025-02-19 12:25:52', '2025-02-19 12:25:52', 70, 1),
(578, 'Mrs. Ofelia O\'Conner I', 'maiores-consequatur-aspernatur-excepturi-consectetur-dignissimos', '24.14', '01JMF24FBRTVE0WQN4JBTV6PN1.png', 228, '2025-02-19 12:25:52', '2025-02-19 12:25:52', 36, 1),
(579, 'Dr. Dewitt Flatley', 'fugiat-ullam-ut-voluptates', '429.17', '01JMF24FBRTVE0WQN4JBTV6PN1.png', 228, '2025-02-19 12:25:52', '2025-02-19 12:25:52', 14, 1),
(580, 'Dr. Alexandre Boyer', 'aut-vero-quia-corporis-a-officiis', '250.04', '01JMF24FBRTVE0WQN4JBTV6PN1.png', 228, '2025-02-19 12:25:52', '2025-02-19 12:25:52', 96, 1),
(581, 'Prof. Oran Fay MD', 'dolorem-quidem-necessitatibus-modi-quo-non-ab', '268.35', '01JMF24FBRTVE0WQN4JBTV6PN1.png', 228, '2025-02-19 12:25:52', '2025-02-19 12:25:52', 12, 1),
(582, 'Justice Aufderhar', 'necessitatibus-velit-aut-placeat-vero-magni-ad-iste', '232.99', '01JMF24FBRTVE0WQN4JBTV6PN1.png', 228, '2025-02-19 12:25:52', '2025-02-19 12:25:52', 13, 1),
(583, 'Miss Robyn Wiegand I', 'et-aut-quo-aut-libero', '208.45', '01JMF24FBRTVE0WQN4JBTV6PN1.png', 228, '2025-02-19 12:25:52', '2025-02-19 12:25:52', 52, 1),
(584, 'Dr. Florencio Sawayn', 'qui-sequi-et-eum-rerum-distinctio-omnis-harum', '146.42', '01JMF24FBRTVE0WQN4JBTV6PN1.png', 228, '2025-02-19 12:25:52', '2025-02-19 12:25:52', 24, 1),
(585, 'Ronaldo Schmidt PhD', 'tempora-qui-fuga-iusto-consequatur', '728.22', '01JMF24FBRTVE0WQN4JBTV6PN1.png', 228, '2025-02-19 12:25:52', '2025-02-19 12:25:52', 4, 1),
(586, 'Carlotta Parker', 'aut-incidunt-est-dolorum-et-inventore-accusantium-est', '22.91', '01JMF24FBRTVE0WQN4JBTV6PN1.png', 228, '2025-02-19 12:25:52', '2025-02-19 12:25:52', 74, 1),
(587, 'Mr. Malachi Ziemann', 'ipsa-eaque-itaque-quo-aut-beatae', '57.75', '01JMF24FBRTVE0WQN4JBTV6PN1.png', 228, '2025-02-19 12:25:52', '2025-02-19 12:25:52', 35, 1),
(588, 'Maurine Cormier', 'rerum-quae-voluptatem-harum-necessitatibus-voluptatibus', '246.02', '01JMF24FBRTVE0WQN4JBTV6PN1.png', 228, '2025-02-19 12:25:52', '2025-02-19 12:25:52', 60, 1),
(589, 'Mrs. Athena Fay', 'quia-explicabo-qui-rem-ipsam-quia', '775.54', '01JMF24FBRTVE0WQN4JBTV6PN1.png', 228, '2025-02-19 12:25:52', '2025-02-19 12:25:52', 80, 1),
(590, 'Dr. Diamond Welch', 'non-quibusdam-consequatur-ea-laudantium-facere-excepturi-ut', '31.54', '01JMF24FBRTVE0WQN4JBTV6PN1.png', 228, '2025-02-19 12:25:52', '2025-02-19 12:25:52', 86, 1),
(591, 'Rico Heaney', 'id-ea-non-dolorum', '975.38', '01JMF24FBRTVE0WQN4JBTV6PN1.png', 228, '2025-02-19 12:25:52', '2025-02-19 12:25:52', 84, 1),
(592, 'Marisol Schulist II', 'rem-nostrum-rerum-officia-provident-dolore-laborum', '546.23', '01JMF24FBRTVE0WQN4JBTV6PN1.png', 228, '2025-02-19 12:25:52', '2025-02-19 12:25:52', 37, 1),
(593, 'Dr. Javier Greenfelder MD', 'aliquam-voluptatem-illum-tempora-eius-labore-officiis-quo', '543.51', '01JMF24FBRTVE0WQN4JBTV6PN1.png', 228, '2025-02-19 12:25:52', '2025-02-19 12:25:52', 71, 1),
(594, 'Ms. Mia Mosciski II', 'molestiae-incidunt-vel-aut-fugiat', '502.26', '01JMF24FBRTVE0WQN4JBTV6PN1.png', 228, '2025-02-19 12:25:52', '2025-02-19 12:25:52', 59, 1),
(595, 'Ms. Brandi Kohler IV', 'blanditiis-perferendis-ea-necessitatibus-dolorem-saepe-incidunt', '78.89', '01JMF24FBRTVE0WQN4JBTV6PN1.png', 228, '2025-02-19 12:25:52', '2025-02-19 12:25:52', 28, 1),
(596, 'Araceli Brekke DDS', 'corrupti-rerum-quia-deserunt-aut-dignissimos', '76.48', '01JMF24FBRTVE0WQN4JBTV6PN1.png', 228, '2025-02-19 12:25:52', '2025-02-19 12:25:52', 73, 1),
(597, 'Lynn Hansen', 'itaque-quasi-saepe-facilis-laborum-officiis', '18.56', '01JMF24FBRTVE0WQN4JBTV6PN1.png', 228, '2025-02-19 12:25:52', '2025-02-19 12:25:52', 20, 1),
(598, 'Carlee Bauch', 'in-neque-vitae-repellat', '227.32', '01JMF24FBRTVE0WQN4JBTV6PN1.png', 228, '2025-02-19 12:25:52', '2025-02-19 12:25:52', 66, 1),
(599, 'Flavio Kshlerin III', 'corrupti-recusandae-qui-voluptatibus-qui-totam-commodi-accusantium-quo', '723.37', '01JMF24FBRTVE0WQN4JBTV6PN1.png', 228, '2025-02-19 12:25:52', '2025-02-19 12:25:52', 19, 1),
(600, 'Ava Adams V', 'dolores-aut-similique-facere-nam-nihil', '677.69', '01JMF24FBRTVE0WQN4JBTV6PN1.png', 228, '2025-02-19 12:25:52', '2025-02-19 12:25:52', 12, 1),
(601, 'Mariela Rutherford', 'fugiat-et-sit-quae-et-et-accusamus-in-saepe', '709.43', '01JMF24FBRTVE0WQN4JBTV6PN1.png', 228, '2025-02-19 12:25:52', '2025-02-19 12:25:52', 60, 1),
(602, 'Wendell McGlynn', 'qui-deserunt-a-ex-provident-odio', '409.07', '01JMF24FBRTVE0WQN4JBTV6PN1.png', 229, '2025-02-19 12:25:52', '2025-02-19 12:25:52', 11, 1),
(603, 'Name Roberts', 'doloremque-omnis-ut-eum-molestiae-consectetur-veniam-voluptas', '849.41', '01JMF24FBRTVE0WQN4JBTV6PN1.png', 229, '2025-02-19 12:25:52', '2025-02-19 12:25:52', 95, 1),
(604, 'Dr. Kellen Grady PhD', 'at-dolores-occaecati-officiis-eum-consequatur-veniam', '612.99', '01JMF24FBRTVE0WQN4JBTV6PN1.png', 229, '2025-02-19 12:25:52', '2025-02-19 12:25:52', 31, 1),
(605, 'Valentin Runolfsdottir', 'placeat-at-repellendus-facere-qui-repellat', '783.22', '01JMF24FBRTVE0WQN4JBTV6PN1.png', 229, '2025-02-19 12:25:52', '2025-02-19 12:25:52', 11, 1),
(606, 'Alfred Heller', 'culpa-quo-hic-vel-enim-quo-minus-ipsa', '386.95', '01JMF24FBRTVE0WQN4JBTV6PN1.png', 229, '2025-02-19 12:25:52', '2025-02-19 12:25:52', 23, 1),
(607, 'Lelia Franecki', 'inventore-rem-voluptatem-voluptates-sed-cum-ut', '975.78', '01JMF24FBRTVE0WQN4JBTV6PN1.png', 229, '2025-02-19 12:25:52', '2025-02-19 12:25:52', 70, 1),
(608, 'Annalise Feil Jr.', 'accusantium-quos-sunt-debitis', '993.70', '01JMF24FBRTVE0WQN4JBTV6PN1.png', 229, '2025-02-19 12:25:52', '2025-02-19 12:25:52', 46, 1),
(609, 'Nyah Leffler', 'autem-ut-eaque-aut-enim-sapiente-autem-delectus-et', '359.99', '01JMF24FBRTVE0WQN4JBTV6PN1.png', 229, '2025-02-19 12:25:52', '2025-02-19 12:25:52', 70, 1),
(610, 'Lucie Boyer', 'sed-dolor-consequatur-nihil-sequi-sint', '477.20', '01JMF24FBRTVE0WQN4JBTV6PN1.png', 229, '2025-02-19 12:25:52', '2025-02-19 12:25:52', 13, 1),
(611, 'Lisette Wolf', 'esse-nihil-ullam-nisi-rerum-quidem-est-quia-alias', '103.46', '01JMF24FBRTVE0WQN4JBTV6PN1.png', 229, '2025-02-19 12:25:52', '2025-02-19 12:25:52', 6, 1),
(612, 'Mr. Nikolas Nolan PhD', 'est-enim-est-voluptas-maxime-accusamus', '143.85', '01JMF24FBRTVE0WQN4JBTV6PN1.png', 229, '2025-02-19 12:25:52', '2025-02-19 12:25:52', 17, 1),
(613, 'Miss Mireille Hyatt', 'fugiat-est-perferendis-voluptatibus-fuga-quos-rerum', '119.48', '01JMF24FBRTVE0WQN4JBTV6PN1.png', 229, '2025-02-19 12:25:52', '2025-02-19 12:25:52', 70, 1),
(614, 'Edison Purdy', 'sed-sint-ea-rem-cumque', '580.65', '01JMF24FBRTVE0WQN4JBTV6PN1.png', 229, '2025-02-19 12:25:52', '2025-02-19 12:25:52', 28, 1),
(615, 'Ernesto Hudson', 'iste-tempore-dolor-qui-assumenda-ratione-veniam', '465.29', '01JMF24FBRTVE0WQN4JBTV6PN1.png', 229, '2025-02-19 12:25:52', '2025-02-19 12:25:52', 50, 1),
(616, 'Mrs. Kendra Abbott DDS', 'aut-illo-ea-consequuntur-provident-saepe-aliquam', '574.27', '01JMF24FBRTVE0WQN4JBTV6PN1.png', 229, '2025-02-19 12:25:52', '2025-02-19 12:25:52', 76, 1),
(617, 'Prof. Lisa Dickinson', 'maiores-in-porro-modi-reprehenderit-facere-vel', '372.83', '01JMF24FBRTVE0WQN4JBTV6PN1.png', 229, '2025-02-19 12:25:52', '2025-02-19 12:25:52', 64, 1),
(618, 'Mr. Jaron Kilback DVM', 'incidunt-sequi-illo-natus-sit-fuga-ut', '36.69', '01JMF24FBRTVE0WQN4JBTV6PN1.png', 229, '2025-02-19 12:25:52', '2025-02-19 12:25:52', 25, 1),
(619, 'Vivian Hahn', 'aliquid-quo-facilis-iure-dolorem-qui', '818.06', '01JMF24FBRTVE0WQN4JBTV6PN1.png', 229, '2025-02-19 12:25:52', '2025-02-19 12:25:52', 66, 1),
(620, 'Leonor Corwin', 'fuga-libero-temporibus-dolorem', '778.98', '01JMF24FBRTVE0WQN4JBTV6PN1.png', 229, '2025-02-19 12:25:52', '2025-02-19 12:25:52', 63, 1),
(621, 'Melisa Dach MD', 'sint-sint-adipisci-rem-non-odio', '607.03', '01JMF24FBRTVE0WQN4JBTV6PN1.png', 229, '2025-02-19 12:25:52', '2025-02-19 12:25:52', 78, 1),
(622, 'Dr. Antoinette Nikolaus V', 'qui-eius-non-a-atque', '982.30', '01JMF24FBRTVE0WQN4JBTV6PN1.png', 229, '2025-02-19 12:25:52', '2025-02-19 12:25:52', 14, 1),
(623, 'Cleve Boyle IV', 'possimus-impedit-beatae-officiis-debitis', '740.08', '01JMF24FBRTVE0WQN4JBTV6PN1.png', 229, '2025-02-19 12:25:52', '2025-02-19 12:25:52', 51, 1),
(624, 'Retta Marvin', 'laboriosam-omnis-asperiores-aliquid-omnis', '145.22', '01JMF24FBRTVE0WQN4JBTV6PN1.png', 229, '2025-02-19 12:25:52', '2025-02-19 12:25:52', 13, 1),
(625, 'Mr. Eduardo Romaguera', 'est-iste-modi-enim-atque-ipsa-molestiae-non-dicta', '974.20', '01JMF24FBRTVE0WQN4JBTV6PN1.png', 229, '2025-02-19 12:25:52', '2025-02-19 12:25:52', 28, 1),
(626, 'Prof. Keven Heidenreich II', 'odio-laudantium-perferendis-quo-earum-impedit', '799.58', '01JMF24FBRTVE0WQN4JBTV6PN1.png', 229, '2025-02-19 12:25:52', '2025-02-19 12:25:52', 5, 1);

-- --------------------------------------------------------

--
-- Table structure for table `sessions`
--

CREATE TABLE `sessions` (
  `id` varchar(255) CHARACTER SET utf8mb4 COLLATE utf8mb4_unicode_ci NOT NULL,
  `user_id` bigint UNSIGNED DEFAULT NULL,
  `ip_address` varchar(45) CHARACTER SET utf8mb4 COLLATE utf8mb4_unicode_ci DEFAULT NULL,
  `user_agent` text CHARACTER SET utf8mb4 COLLATE utf8mb4_unicode_ci,
  `payload` longtext CHARACTER SET utf8mb4 COLLATE utf8mb4_unicode_ci NOT NULL,
  `last_activity` int NOT NULL
) ENGINE=InnoDB DEFAULT CHARSET=utf8mb4 COLLATE=utf8mb4_unicode_ci;

--
-- Dumping data for table `sessions`
--

INSERT INTO `sessions` (`id`, `user_id`, `ip_address`, `user_agent`, `payload`, `last_activity`) VALUES
('0QxFcxjuM4GmNmQj0vhsxMs7W2O9ZJtbKf8vdLIg', NULL, '127.0.0.1', 'Mozilla/5.0 (Windows NT 10.0; Win64; x64) AppleWebKit/537.36 (KHTML, like Gecko) Chrome/131.0.0.0 Safari/537.36 OPR/116.0.0.0', 'YTozOntzOjY6Il90b2tlbiI7czo0MDoiUU9paDNDVlZWU1NhQVNkT1UwdHBxMUhGSnZ2S0p3cjFmSUVqdUpCSCI7czo5OiJfcHJldmlvdXMiO2E6MTp7czozOiJ1cmwiO3M6MzA6Imh0dHA6Ly8xMjcuMC4wLjE6ODAwMC9jaGVja291dCI7fXM6NjoiX2ZsYXNoIjthOjI6e3M6Mzoib2xkIjthOjA6e31zOjM6Im5ldyI7YTowOnt9fX0=', 1739963542),
('1ZzYvSz3t2KhBTVb9VuabeX8UP2VuYRAAQxQcXEQ', NULL, '127.0.0.1', 'Mozilla/5.0 (Windows NT 10.0; Win64; x64) AppleWebKit/537.36 (KHTML, like Gecko) Chrome/131.0.0.0 Safari/537.36 OPR/116.0.0.0', 'YTozOntzOjY6Il90b2tlbiI7czo0MDoiTkJxc3haYldGOG5MaU1GMTdFY1cxUm9IVXV2Rk0wdjB4RU95c0xncyI7czo5OiJfcHJldmlvdXMiO2E6MTp7czozOiJ1cmwiO3M6MjE6Imh0dHA6Ly8xMjcuMC4wLjE6ODAwMCI7fXM6NjoiX2ZsYXNoIjthOjI6e3M6Mzoib2xkIjthOjA6e31zOjM6Im5ldyI7YTowOnt9fX0=', 1739964968),
('7gTvKJpUQ4Y2Xq5Jt2Tjblo0L4RNtWBNMjAh8z1I', NULL, '127.0.0.1', 'Mozilla/5.0 (Windows NT 10.0; Win64; x64) AppleWebKit/537.36 (KHTML, like Gecko) Chrome/131.0.0.0 Safari/537.36 OPR/116.0.0.0', 'YTozOntzOjY6Il90b2tlbiI7czo0MDoiQ2V0c21QeWV3NVpwa2hzU2E4YXZZV3pCVUxHNmtqTTlLaFY0eUwxcyI7czo5OiJfcHJldmlvdXMiO2E6MTp7czozOiJ1cmwiO3M6MjE6Imh0dHA6Ly8xMjcuMC4wLjE6ODAwMCI7fXM6NjoiX2ZsYXNoIjthOjI6e3M6Mzoib2xkIjthOjA6e31zOjM6Im5ldyI7YTowOnt9fX0=', 1739964784),
('E6Ku54SPmoOcpACl1Dl66dLaE2gZB9qFpuXJrB9U', NULL, '127.0.0.1', 'Mozilla/5.0 (Windows NT 10.0; Win64; x64) AppleWebKit/537.36 (KHTML, like Gecko) Chrome/131.0.0.0 Safari/537.36 OPR/116.0.0.0', 'YToyOntzOjY6Il90b2tlbiI7czo0MDoiY2RCMnNEUkNtU09HaHhrVWYybG9tY1ZSYzJqMmFSdzRScFZ6aDFiMiI7czo2OiJfZmxhc2giO2E6Mjp7czozOiJvbGQiO2E6MDp7fXM6MzoibmV3IjthOjA6e319fQ==', 1739964975),
('iyKuA0Ws3NeKCGKhaPfnD8Uy33VwP0cfg1VA4mGL', NULL, '127.0.0.1', 'Mozilla/5.0 (Windows NT 10.0; Win64; x64) AppleWebKit/537.36 (KHTML, like Gecko) Chrome/131.0.0.0 Safari/537.36 OPR/116.0.0.0', 'YToyOntzOjY6Il90b2tlbiI7czo0MDoiUFdGU2FsVDNUSmdzZm5sZWtXNkJmbW1NN0ZJcGM3VFNTQWEwaDJ2YSI7czo2OiJfZmxhc2giO2E6Mjp7czozOiJvbGQiO2E6MDp7fXM6MzoibmV3IjthOjA6e319fQ==', 1739964807),
('j9q3VNoddSSZpaCUublJmP49oF2Z9aV3Yair360Z', NULL, '127.0.0.1', 'Mozilla/5.0 (Windows NT 10.0; Win64; x64) AppleWebKit/537.36 (KHTML, like Gecko) Chrome/131.0.0.0 Safari/537.36 OPR/116.0.0.0', 'YToyOntzOjY6Il90b2tlbiI7czo0MDoiSFpFeEZsUWRnVUl4WUhLN3B2RHN3aDR6eGhNZWpna2RIcHFIVWo3NiI7czo2OiJfZmxhc2giO2E6Mjp7czozOiJvbGQiO2E6MDp7fXM6MzoibmV3IjthOjA6e319fQ==', 1739964739),
('kZsBrPMiaHuCAe59eSZy6IEIfh7Xuw6ujr7oqhRK', NULL, '127.0.0.1', 'Mozilla/5.0 (Windows NT 10.0; Win64; x64) AppleWebKit/537.36 (KHTML, like Gecko) Chrome/131.0.0.0 Safari/537.36 OPR/116.0.0.0', 'YTozOntzOjY6Il90b2tlbiI7czo0MDoiamxJdFg0RHJFQkZUZEJlUWhzNlY1SXdxbUx6TmFxcjA1dnl1S05LZyI7czo5OiJfcHJldmlvdXMiO2E6MTp7czozOiJ1cmwiO3M6MjE6Imh0dHA6Ly8xMjcuMC4wLjE6ODAwMCI7fXM6NjoiX2ZsYXNoIjthOjI6e3M6Mzoib2xkIjthOjA6e31zOjM6Im5ldyI7YTowOnt9fX0=', 1739965200),
('QP9D9AooghfqvQV3lEmRufIYMQWD3wiVQ7Ig12ri', NULL, '127.0.0.1', 'Mozilla/5.0 (Windows NT 10.0; Win64; x64) AppleWebKit/537.36 (KHTML, like Gecko) Chrome/131.0.0.0 Safari/537.36 OPR/116.0.0.0', 'YToyOntzOjY6Il90b2tlbiI7czo0MDoiR2dYUnJGQ3BvdDE3N0p0eTluSXhXMWlzUVA4aWRkVGVTTGtWenRnRiI7czo2OiJfZmxhc2giO2E6Mjp7czozOiJvbGQiO2E6MDp7fXM6MzoibmV3IjthOjA6e319fQ==', 1739964787),
('Vnl5BZmJR89xQPriuWzKaoPRNTTnf90XXoD8E4Nz', NULL, '127.0.0.1', 'Mozilla/5.0 (Windows NT 10.0; Win64; x64) AppleWebKit/537.36 (KHTML, like Gecko) Chrome/131.0.0.0 Safari/537.36 OPR/116.0.0.0', 'YTozOntzOjY6Il90b2tlbiI7czo0MDoiTjkzblFab3A3cWplcER0eVVzczhDa2loNTFIRmxxQWltUVVoSTg2WSI7czo5OiJfcHJldmlvdXMiO2E6MTp7czozOiJ1cmwiO3M6MjE6Imh0dHA6Ly8xMjcuMC4wLjE6ODAwMCI7fXM6NjoiX2ZsYXNoIjthOjI6e3M6Mzoib2xkIjthOjA6e31zOjM6Im5ldyI7YTowOnt9fX0=', 1739964802),
('WOWGpkkAbloQCMG42yc1WqwPABNepCeShLGy6B20', 2, '127.0.0.1', 'Mozilla/5.0 (Windows NT 10.0; Win64; x64) AppleWebKit/537.36 (KHTML, like Gecko) Chrome/131.0.0.0 Safari/537.36 OPR/116.0.0.0', 'YTo3OntzOjY6Il90b2tlbiI7czo0MDoiMDhnZzgyR2ZQRmoxc000VnR6cktnZDNCejhrSnowenFmMTByTmZlMyI7czo5OiJfcHJldmlvdXMiO2E6MTp7czozOiJ1cmwiO3M6MzY6Imh0dHA6Ly8xMjcuMC4wLjE6ODAwMC9hZG1pbi9wcm9kdWN0cyI7fXM6NjoiX2ZsYXNoIjthOjI6e3M6Mzoib2xkIjthOjA6e31zOjM6Im5ldyI7YTowOnt9fXM6MzoidXJsIjthOjA6e31zOjUwOiJsb2dpbl93ZWJfNTliYTM2YWRkYzJiMmY5NDAxNTgwZjAxNGM3ZjU4ZWE0ZTMwOTg5ZCI7aToyO3M6MTc6InBhc3N3b3JkX2hhc2hfd2ViIjtzOjYwOiIkMnkkMTIkZURDRWwzRE5BUS9NWjc4TzdXcFNWLkRNNTFPTXlnMHJXTi42bXlrby8ucnV4d2ZMQ1FtVi4iO3M6ODoiZmlsYW1lbnQiO2E6MDp7fX0=', 1739968081);

-- --------------------------------------------------------

--
-- Table structure for table `settings`
--

CREATE TABLE `settings` (
  `id` bigint UNSIGNED NOT NULL,
  `shopee` varchar(255) CHARACTER SET utf8mb4 COLLATE utf8mb4_unicode_ci DEFAULT NULL,
  `is_shopee` tinyint(1) NOT NULL DEFAULT '0',
  `ads_google` varchar(255) CHARACTER SET utf8mb4 COLLATE utf8mb4_unicode_ci DEFAULT NULL,
  `is_ads_google` tinyint(1) NOT NULL DEFAULT '0',
  `link4m` varchar(255) CHARACTER SET utf8mb4 COLLATE utf8mb4_unicode_ci DEFAULT NULL,
  `is_link4m` tinyint(1) NOT NULL DEFAULT '0',
  `created_at` timestamp NULL DEFAULT NULL,
  `updated_at` timestamp NULL DEFAULT NULL
) ENGINE=InnoDB DEFAULT CHARSET=utf8mb4 COLLATE=utf8mb4_unicode_ci;

--
-- Dumping data for table `settings`
--

INSERT INTO `settings` (`id`, `shopee`, `is_shopee`, `ads_google`, `is_ads_google`, `link4m`, `is_link4m`, `created_at`, `updated_at`) VALUES
(1, 'https://s.shopee.vn/30Yh2gQ5dj', 1, '<script async src=\"https://pagead2.googlesyndication.com/pagead/js/adsbygoogle.js?client=ca-pub-5973230244058066\"\n     crossorigin=\"anonymous\"></script>', 1, 'https://link4m.com/go/hpQ5wYF', 1, '2025-02-02 00:37:08', '2025-02-02 00:50:43');

-- --------------------------------------------------------

--
-- Table structure for table `users`
--

CREATE TABLE `users` (
  `id` bigint UNSIGNED NOT NULL,
  `name` varchar(255) CHARACTER SET utf8mb4 COLLATE utf8mb4_unicode_ci NOT NULL,
  `email` varchar(255) CHARACTER SET utf8mb4 COLLATE utf8mb4_unicode_ci NOT NULL,
  `email_verified_at` timestamp NULL DEFAULT NULL,
  `password` varchar(255) CHARACTER SET utf8mb4 COLLATE utf8mb4_unicode_ci NOT NULL,
  `remember_token` varchar(100) CHARACTER SET utf8mb4 COLLATE utf8mb4_unicode_ci DEFAULT NULL,
  `created_at` timestamp NULL DEFAULT NULL,
  `updated_at` timestamp NULL DEFAULT NULL
) ENGINE=InnoDB DEFAULT CHARSET=utf8mb4 COLLATE=utf8mb4_unicode_ci;

--
-- Dumping data for table `users`
--

INSERT INTO `users` (`id`, `name`, `email`, `email_verified_at`, `password`, `remember_token`, `created_at`, `updated_at`) VALUES
(2, '2509roblox@gmail.com', '2509roblox@gmail.com', NULL, '$2y$12$eDCEl3DNAQ/MZ78O7WpSV.DM51OMyg0rWN.6myko/.ruxwfLCQmV.', NULL, '2025-01-31 12:42:13', '2025-01-31 12:42:13');

--
-- Indexes for dumped tables
--

--
-- Indexes for table `access_history`
--
ALTER TABLE `access_history`
  ADD PRIMARY KEY (`id`);

--
-- Indexes for table `cache`
--
ALTER TABLE `cache`
  ADD PRIMARY KEY (`key`);

--
-- Indexes for table `cache_locks`
--
ALTER TABLE `cache_locks`
  ADD PRIMARY KEY (`key`);

--
-- Indexes for table `categories`
--
ALTER TABLE `categories`
  ADD PRIMARY KEY (`id`),
  ADD UNIQUE KEY `categories_slug_unique` (`slug`),
  ADD KEY `categories_classification_id_foreign` (`classification_id`);

--
-- Indexes for table `classifications`
--
ALTER TABLE `classifications`
  ADD PRIMARY KEY (`id`);

--
-- Indexes for table `failed_jobs`
--
ALTER TABLE `failed_jobs`
  ADD PRIMARY KEY (`id`),
  ADD UNIQUE KEY `failed_jobs_uuid_unique` (`uuid`);

--
-- Indexes for table `jobs`
--
ALTER TABLE `jobs`
  ADD PRIMARY KEY (`id`),
  ADD KEY `jobs_queue_index` (`queue`);

--
-- Indexes for table `job_batches`
--
ALTER TABLE `job_batches`
  ADD PRIMARY KEY (`id`);

--
-- Indexes for table `migrations`
--
ALTER TABLE `migrations`
  ADD PRIMARY KEY (`id`);

--
-- Indexes for table `password_reset_tokens`
--
ALTER TABLE `password_reset_tokens`
  ADD PRIMARY KEY (`email`);

--
-- Indexes for table `products`
--
ALTER TABLE `products`
  ADD PRIMARY KEY (`id`),
  ADD UNIQUE KEY `products_slug_unique` (`slug`),
  ADD KEY `products_category_id_foreign` (`category_id`);

--
-- Indexes for table `sessions`
--
ALTER TABLE `sessions`
  ADD PRIMARY KEY (`id`),
  ADD KEY `sessions_user_id_index` (`user_id`),
  ADD KEY `sessions_last_activity_index` (`last_activity`);

--
-- Indexes for table `settings`
--
ALTER TABLE `settings`
  ADD PRIMARY KEY (`id`);

--
-- Indexes for table `users`
--
ALTER TABLE `users`
  ADD PRIMARY KEY (`id`),
  ADD UNIQUE KEY `users_email_unique` (`email`);

--
-- AUTO_INCREMENT for dumped tables
--

--
-- AUTO_INCREMENT for table `access_history`
--
ALTER TABLE `access_history`
  MODIFY `id` bigint UNSIGNED NOT NULL AUTO_INCREMENT, AUTO_INCREMENT=6;

--
-- AUTO_INCREMENT for table `categories`
--
ALTER TABLE `categories`
  MODIFY `id` bigint UNSIGNED NOT NULL AUTO_INCREMENT, AUTO_INCREMENT=230;

--
-- AUTO_INCREMENT for table `classifications`
--
ALTER TABLE `classifications`
  MODIFY `id` bigint UNSIGNED NOT NULL AUTO_INCREMENT, AUTO_INCREMENT=6;

--
-- AUTO_INCREMENT for table `failed_jobs`
--
ALTER TABLE `failed_jobs`
  MODIFY `id` bigint UNSIGNED NOT NULL AUTO_INCREMENT;

--
-- AUTO_INCREMENT for table `jobs`
--
ALTER TABLE `jobs`
  MODIFY `id` bigint UNSIGNED NOT NULL AUTO_INCREMENT;

--
-- AUTO_INCREMENT for table `migrations`
--
ALTER TABLE `migrations`
  MODIFY `id` int UNSIGNED NOT NULL AUTO_INCREMENT, AUTO_INCREMENT=10;

--
-- AUTO_INCREMENT for table `products`
--
ALTER TABLE `products`
  MODIFY `id` bigint UNSIGNED NOT NULL AUTO_INCREMENT, AUTO_INCREMENT=627;

--
-- AUTO_INCREMENT for table `settings`
--
ALTER TABLE `settings`
  MODIFY `id` bigint UNSIGNED NOT NULL AUTO_INCREMENT, AUTO_INCREMENT=2;

--
-- AUTO_INCREMENT for table `users`
--
ALTER TABLE `users`
  MODIFY `id` bigint UNSIGNED NOT NULL AUTO_INCREMENT, AUTO_INCREMENT=3;

--
-- Constraints for dumped tables
--

--
-- Constraints for table `categories`
--
ALTER TABLE `categories`
  ADD CONSTRAINT `categories_classification_id_foreign` FOREIGN KEY (`classification_id`) REFERENCES `classifications` (`id`);

--
-- Constraints for table `products`
--
ALTER TABLE `products`
  ADD CONSTRAINT `products_category_id_foreign` FOREIGN KEY (`category_id`) REFERENCES `categories` (`id`) ON DELETE CASCADE;
COMMIT;

/*!40101 SET CHARACTER_SET_CLIENT=@OLD_CHARACTER_SET_CLIENT */;
/*!40101 SET CHARACTER_SET_RESULTS=@OLD_CHARACTER_SET_RESULTS */;
/*!40101 SET COLLATION_CONNECTION=@OLD_COLLATION_CONNECTION */;
